Amplitude,Width,Visible time,From_left,Run,Time,Dx,Dy
160,40,0.5,False,0,0,0,0
160,40,0.5,False,0,1,-5,-3
160,40,0.5,False,0,2,-34,-4
160,40,0.5,False,0,3,-85,-3
160,40,0.5,False,0,4,-75,-1
160,40,0.5,False,0,5,-45,2
160,40,0.5,False,0,6,-23,6
160,40,0.5,False,0,7,-4,1
160,40,0.5,False,0,8,-13,3
160,40,0.5,False,0,9,-21,2
160,40,0.5,False,0,10,-17,0
160,40,0.5,False,0,11,0,0
160,40,0.5,False,0,12,0,0
160,40,0.5,False,0,13,0,0
160,40,0.5,False,1,0,-8,-1
160,40,0.5,False,1,1,-34,-2
160,40,0.5,False,1,2,-61,1
160,40,0.5,False,1,3,-77,0
160,40,0.5,False,1,4,-44,1
160,40,0.5,False,1,5,-31,0
160,40,0.5,False,1,6,-31,1
160,40,0.5,False,1,7,-44,0
160,40,0.5,False,1,8,-29,-2
160,40,0.5,False,1,9,-8,-1
160,40,0.5,False,1,10,0,0
160,40,0.5,False,1,11,1,-2
160,40,0.5,False,1,12,2,0
160,40,0.5,False,1,13,3,-1
160,40,0.5,False,1,14,2,0
160,40,0.5,False,1,15,0,0
160,40,0.5,False,2,0,0,0
160,40,0.5,False,2,1,0,0
160,40,0.5,False,2,2,0,0
160,40,0.5,False,2,3,-21,-1
160,40,0.5,False,2,4,-75,-5
160,40,0.5,False,2,5,-77,-3
160,40,0.5,False,2,6,-47,-2
160,40,0.5,False,2,7,-33,0
160,40,0.5,False,2,8,-24,0
160,40,0.5,False,2,9,-28,-3
160,40,0.5,False,2,10,-24,-3
160,40,0.5,False,2,11,-10,-1
160,40,0.5,False,2,12,0,0
160,40,0.5,False,3,0,-8,-2
160,40,0.5,False,3,1,-42,-4
160,40,0.5,False,3,2,-58,0
160,40,0.5,False,3,3,-63,0
160,40,0.5,False,3,4,-46,2
160,40,0.5,False,3,5,-43,-1
160,40,0.5,False,3,6,-42,-2
160,40,0.5,False,3,7,-13,-1
160,40,0.5,False,3,8,-9,0
160,40,0.5,False,3,9,-2,0
160,40,0.5,False,3,10,0,0
160,40,0.5,False,4,0,0,0
160,40,0.5,False,4,1,0,0
160,40,0.5,False,4,2,-4,-1
160,40,0.5,False,4,3,-51,-9
160,40,0.5,False,4,4,-72,-3
160,40,0.5,False,4,5,-52,0
160,40,0.5,False,4,6,-37,2
160,40,0.5,False,4,7,-39,1
160,40,0.5,False,4,8,-45,2
160,40,0.5,False,4,9,-25,1
160,40,0.5,False,4,10,-6,0
160,40,0.5,False,4,11,-1,0
160,40,0.5,False,4,12,0,0
160,40,0.5,False,5,0,-32,-2
160,40,0.5,False,5,1,-65,0
160,40,0.5,False,5,2,-67,-2
160,40,0.5,False,5,3,-53,0
160,40,0.5,False,5,4,-37,-1
160,40,0.5,False,5,5,-34,0
160,40,0.5,False,5,6,-28,0
160,40,0.5,False,5,7,-12,0
160,40,0.5,False,5,8,0,0
160,40,0.5,False,6,0,-1,0
160,40,0.5,False,6,1,0,-1
160,40,0.5,False,6,2,-2,0
160,40,0.5,False,6,3,-40,2
160,40,0.5,False,6,4,-60,6
160,40,0.5,False,6,5,-60,5
160,40,0.5,False,6,6,-49,4
160,40,0.5,False,6,7,-58,1
160,40,0.5,False,6,8,-42,0
160,40,0.5,False,6,9,-15,-2
160,40,0.5,False,6,10,-2,0
160,40,0.5,False,7,0,-24,-3
160,40,0.5,False,7,1,-71,-3
160,40,0.5,False,7,2,-79,0
160,40,0.5,False,7,3,-64,2
160,40,0.5,False,7,4,-34,4
160,40,0.5,False,7,5,-14,4
160,40,0.5,False,7,6,-2,1
160,40,0.5,False,7,7,0,0
160,40,0.5,False,8,0,-31,-4
160,40,0.5,False,8,1,-63,-2
160,40,0.5,False,8,2,-49,0
160,40,0.5,False,8,3,-44,0
160,40,0.5,False,8,4,-42,0
160,40,0.5,False,8,5,-37,1
160,40,0.5,False,8,6,-26,-1
160,40,0.5,False,8,7,-27,-1
160,40,0.5,False,8,8,-10,-1
160,40,0.5,False,8,9,-8,-1
160,40,0.5,False,8,10,-12,2
160,40,0.5,False,8,11,0,1
160,40,0.5,False,9,0,-20,-2
160,40,0.5,False,9,1,-74,-4
160,40,0.5,False,9,2,-91,-2
160,40,0.5,False,9,3,-73,-5
160,40,0.5,False,9,4,-32,2
160,40,0.5,False,9,5,-25,6
160,40,0.5,False,9,6,-6,0
160,40,0.5,False,9,7,-11,-1
160,40,0.5,False,9,8,-1,0
160,40,0.5,False,10,0,-25,0
160,40,0.5,False,10,1,-58,0
160,40,0.5,False,10,2,-70,-3
160,40,0.5,False,10,3,-74,-1
160,40,0.5,False,10,4,-39,1
160,40,0.5,False,10,5,-35,1
160,40,0.5,False,10,6,-41,3
160,40,0.5,False,10,7,-11,0
160,40,0.5,False,10,8,-4,0
640,40,0.5,False,0,0,-10,4
640,40,0.5,False,0,1,-62,7
640,40,0.5,False,0,2,-128,17
640,40,0.5,False,0,3,-236,35
640,40,0.5,False,0,4,-246,23
640,40,0.5,False,0,5,-232,3
640,40,0.5,False,0,6,-180,-16
640,40,0.5,False,0,7,-127,-25
640,40,0.5,False,0,8,-21,-9
640,40,0.5,False,0,9,8,0
640,40,0.5,False,0,10,2,0
640,40,0.5,False,0,11,-16,0
640,40,0.5,False,0,12,-19,-3
640,40,0.5,False,0,13,-17,-4
640,40,0.5,False,0,14,-13,-1
640,40,0.5,False,0,15,0,0
640,40,0.5,False,1,0,0,1
640,40,0.5,False,1,1,0,0
640,40,0.5,False,1,2,-7,0
640,40,0.5,False,1,3,-53,3
640,40,0.5,False,1,4,-92,11
640,40,0.5,False,1,5,-144,19
640,40,0.5,False,1,6,-224,22
640,40,0.5,False,1,7,-232,16
640,40,0.5,False,1,8,-254,8
640,40,0.5,False,1,9,-219,-3
640,40,0.5,False,1,10,-180,-17
640,40,0.5,False,1,11,-77,-10
640,40,0.5,False,1,12,-5,0
640,40,0.5,False,1,13,18,2
640,40,0.5,False,1,14,46,2
640,40,0.5,False,1,15,39,1
640,40,0.5,False,1,16,21,0
640,40,0.5,False,1,17,11,0
640,40,0.5,False,1,18,25,0
640,40,0.5,False,1,19,33,-2
640,40,0.5,False,1,20,7,-2
640,40,0.5,False,1,21,0,0
640,40,0.5,False,2,0,0,0
640,40,0.5,False,2,1,-14,-1
640,40,0.5,False,2,2,-64,-4
640,40,0.5,False,2,3,-145,-7
640,40,0.5,False,2,4,-148,0
640,40,0.5,False,2,5,-138,-7
640,40,0.5,False,2,6,-160,-16
640,40,0.5,False,2,7,-156,-10
640,40,0.5,False,2,8,-166,-12
640,40,0.5,False,2,9,-116,-12
640,40,0.5,False,2,10,-60,-5
640,40,0.5,False,2,11,-33,0
640,40,0.5,False,2,12,-30,-2
640,40,0.5,False,2,13,-17,-1
640,40,0.5,False,2,14,-29,-1
640,40,0.5,False,2,15,0,0
640,40,0.5,False,2,16,-2,0
640,40,0.5,False,3,0,-4,0
640,40,0.5,False,3,1,-41,-4
640,40,0.5,False,3,2,-112,-7
640,40,0.5,False,3,3,-186,-8
640,40,0.5,False,3,4,-187,-16
640,40,0.5,False,3,5,-187,-14
640,40,0.5,False,3,6,-171,-14
640,40,0.5,False,3,7,-134,-8
640,40,0.5,False,3,8,-37,-3
640,40,0.5,False,3,9,-30,-2
640,40,0.5,False,3,10,-72,-7
640,40,0.5,False,3,11,-27,-4
640,40,0.5,False,3,12,-20,-2
640,40,0.5,False,3,13,-16,-1
640,40,0.5,False,3,14,-9,-1
640,40,0.5,False,3,15,-11,0
640,40,0.5,False,3,16,-24,-2
640,40,0.5,False,3,17,-11,0
640,40,0.5,False,3,18,0,0
640,40,0.5,False,4,0,0,1
640,40,0.5,False,4,1,0,0
640,40,0.5,False,4,2,0,0
640,40,0.5,False,4,3,-28,-4
640,40,0.5,False,4,4,-97,-7
640,40,0.5,False,4,5,-148,-4
640,40,0.5,False,4,6,-164,-9
640,40,0.5,False,4,7,-184,-12
640,40,0.5,False,4,8,-155,-10
640,40,0.5,False,4,9,-147,-5
640,40,0.5,False,4,10,-127,-7
640,40,0.5,False,4,11,-64,-9
640,40,0.5,False,4,12,-54,-7
640,40,0.5,False,4,13,-20,-1
640,40,0.5,False,4,14,-22,0
640,40,0.5,False,4,15,-38,0
640,40,0.5,False,4,16,-9,1
640,40,0.5,False,5,0,-40,-7
640,40,0.5,False,5,1,-125,-7
640,40,0.5,False,5,2,-184,-7
640,40,0.5,False,5,3,-238,-19
640,40,0.5,False,5,4,-223,-34
640,40,0.5,False,5,5,-207,-26
640,40,0.5,False,5,6,-162,-13
640,40,0.5,False,5,7,-83,-6
640,40,0.5,False,5,8,-24,-1
640,40,0.5,False,5,9,-12,0
640,40,0.5,False,5,10,-13,0
640,40,0.5,False,5,11,0,0
640,40,0.5,False,6,0,0,0
640,40,0.5,False,6,1,0,0
640,40,0.5,False,6,2,-39,-1
640,40,0.5,False,6,3,-155,-7
640,40,0.5,False,6,4,-194,-8
640,40,0.5,False,6,5,-212,-17
640,40,0.5,False,6,6,-210,-22
640,40,0.5,False,6,7,-197,-14
640,40,0.5,False,6,8,-117,-11
640,40,0.5,False,6,9,-78,-8
640,40,0.5,False,6,10,-73,-5
640,40,0.5,False,6,11,-31,-2
640,40,0.5,False,6,12,-3,-1
640,40,0.5,False,6,13,0,0
640,40,0.5,False,6,14,0,0
640,40,0.5,False,7,0,-29,-1
640,40,0.5,False,7,1,-93,-2
640,40,0.5,False,7,2,-137,-1
640,40,0.5,False,7,3,-195,-8
640,40,0.5,False,7,4,-164,-6
640,40,0.5,False,7,5,-144,-13
640,40,0.5,False,7,6,-105,-10
640,40,0.5,False,7,7,-108,-9
640,40,0.5,False,7,8,-85,-4
640,40,0.5,False,7,9,-49,-4
640,40,0.5,False,7,10,-36,-5
640,40,0.5,False,7,11,-35,-2
640,40,0.5,False,7,12,-43,-3
640,40,0.5,False,7,13,-22,-2
640,40,0.5,False,7,14,0,0
640,40,0.5,False,8,0,0,0
640,40,0.5,False,8,1,-28,-2
640,40,0.5,False,8,2,-73,-2
640,40,0.5,False,8,3,-155,-1
640,40,0.5,False,8,4,-163,-1
640,40,0.5,False,8,5,-174,-10
640,40,0.5,False,8,6,-176,-15
640,40,0.5,False,8,7,-185,-25
640,40,0.5,False,8,8,-127,-14
640,40,0.5,False,8,9,-88,-10
640,40,0.5,False,8,10,-64,-6
640,40,0.5,False,8,11,-27,-2
640,40,0.5,False,8,12,-4,0
640,40,0.5,False,8,13,-17,2
640,40,0.5,False,8,14,-5,0
640,40,0.5,False,8,15,-13,1
640,40,0.5,False,8,16,0,0
640,40,0.5,False,9,0,-7,0
640,40,0.5,False,9,1,-41,-2
640,40,0.5,False,9,2,-84,-1
640,40,0.5,False,9,3,-141,2
640,40,0.5,False,9,4,-155,-2
640,40,0.5,False,9,5,-175,-12
640,40,0.5,False,9,6,-179,-13
640,40,0.5,False,9,7,-170,-10
640,40,0.5,False,9,8,-114,-10
640,40,0.5,False,9,9,-77,-4
640,40,0.5,False,9,10,-84,2
640,40,0.5,False,9,11,-55,0
640,40,0.5,False,9,12,-34,-3
640,40,0.5,False,9,13,0,0
640,40,0.5,False,9,14,6,1
640,40,0.5,False,9,15,14,2
640,40,0.5,False,9,16,0,0
640,40,0.5,False,10,0,-37,-5
640,40,0.5,False,10,1,-50,-2
640,40,0.5,False,10,2,-82,-12
640,40,0.5,False,10,3,-152,-16
640,40,0.5,False,10,4,-165,-11
640,40,0.5,False,10,5,-180,-14
640,40,0.5,False,10,6,-162,-14
640,40,0.5,False,10,7,-146,-17
640,40,0.5,False,10,8,-105,-9
640,40,0.5,False,10,9,-75,-6
640,40,0.5,False,10,10,-34,-4
640,40,0.5,False,10,11,-21,-2
640,40,0.5,False,10,12,-27,0
640,40,0.5,False,10,13,-14,1
640,40,0.5,False,10,14,-28,0
640,40,0.5,False,10,15,-42,-2
640,40,0.5,False,10,16,-3,0
1280,40,0.5,False,0,0,0,-1
1280,40,0.5,False,0,1,-3,-3
1280,40,0.5,False,0,2,-26,-1
1280,40,0.5,False,0,3,-112,6
1280,40,0.5,False,0,4,-191,25
1280,40,0.5,False,0,5,-276,24
1280,40,0.5,False,0,6,-367,3
1280,40,0.5,False,0,7,-330,-25
1280,40,0.5,False,0,8,-303,-30
1280,40,0.5,False,0,9,-245,-26
1280,40,0.5,False,0,10,-227,-30
1280,40,0.5,False,0,11,-109,-10
1280,40,0.5,False,0,12,-75,-7
1280,40,0.5,False,0,13,-90,-5
1280,40,0.5,False,0,14,-109,-4
1280,40,0.5,False,0,15,-60,-4
1280,40,0.5,False,0,16,-12,-1
1280,40,0.5,False,0,17,0,0
1280,40,0.5,False,0,18,0,0
1280,40,0.5,False,0,19,0,0
1280,40,0.5,False,0,20,0,0
1280,40,0.5,False,0,21,0,0
1280,40,0.5,False,1,0,-26,2
1280,40,0.5,False,1,1,-87,8
1280,40,0.5,False,1,2,-161,17
1280,40,0.5,False,1,3,-293,28
1280,40,0.5,False,1,4,-327,20
1280,40,0.5,False,1,5,-362,11
1280,40,0.5,False,1,6,-364,-5
1280,40,0.5,False,1,7,-377,-24
1280,40,0.5,False,1,8,-243,-25
1280,40,0.5,False,1,9,-157,-20
1280,40,0.5,False,1,10,-80,-6
1280,40,0.5,False,1,11,-31,-1
1280,40,0.5,False,1,12,-5,1
1280,40,0.5,False,1,13,-20,0
1280,40,0.5,False,1,14,-27,-1
1280,40,0.5,False,1,15,-1,0
1280,40,0.5,False,1,16,-2,0
1280,40,0.5,False,1,17,-3,0
1280,40,0.5,False,2,0,-14,-1
1280,40,0.5,False,2,1,-91,1
1280,40,0.5,False,2,2,-193,11
1280,40,0.5,False,2,3,-299,32
1280,40,0.5,False,2,4,-297,27
1280,40,0.5,False,2,5,-315,24
1280,40,0.5,False,2,6,-357,12
1280,40,0.5,False,2,7,-263,-11
1280,40,0.5,False,2,8,-196,-14
1280,40,0.5,False,2,9,-149,-20
1280,40,0.5,False,2,10,-76,-7
1280,40,0.5,False,2,11,-56,-4
1280,40,0.5,False,2,12,-43,-2
1280,40,0.5,False,2,13,-62,-8
1280,40,0.5,False,2,14,-49,-6
1280,40,0.5,False,2,15,-16,-3
1280,40,0.5,False,2,16,-12,0
1280,40,0.5,False,2,17,-20,0
1280,40,0.5,False,2,18,-19,-1
1280,40,0.5,False,2,19,-30,-2
1280,40,0.5,False,2,20,-26,-1
1280,40,0.5,False,2,21,-3,0
1280,40,0.5,False,3,0,-3,-1
1280,40,0.5,False,3,1,-41,0
1280,40,0.5,False,3,2,-108,0
1280,40,0.5,False,3,3,-196,3
1280,40,0.5,False,3,4,-240,1
1280,40,0.5,False,3,5,-310,-7
1280,40,0.5,False,3,6,-366,-13
1280,40,0.5,False,3,7,-431,-23
1280,40,0.5,False,3,8,-340,-34
1280,40,0.5,False,3,9,-262,-26
1280,40,0.5,False,3,10,-205,-22
1280,40,0.5,False,3,11,-73,-3
1280,40,0.5,False,3,12,-15,3
1280,40,0.5,False,3,13,2,2
1280,40,0.5,False,3,14,0,0
1280,40,0.5,False,3,15,1,0
1280,40,0.5,False,3,16,5,0
1280,40,0.5,False,3,17,15,0
1280,40,0.5,False,3,18,5,0
1280,40,0.5,False,3,19,5,0
1280,40,0.5,False,3,20,6,1
1280,40,0.5,False,3,21,1,0
1280,40,0.5,False,4,0,0,0
1280,40,0.5,False,4,1,0,0
1280,40,0.5,False,4,2,0,0
1280,40,0.5,False,4,3,-12,-2
1280,40,0.5,False,4,4,-33,4
1280,40,0.5,False,4,5,-95,3
1280,40,0.5,False,4,6,-180,4
1280,40,0.5,False,4,7,-288,7
1280,40,0.5,False,4,8,-300,11
1280,40,0.5,False,4,9,-344,7
1280,40,0.5,False,4,10,-358,-2
1280,40,0.5,False,4,11,-378,-18
1280,40,0.5,False,4,12,-277,-26
1280,40,0.5,False,4,13,-207,-28
1280,40,0.5,False,4,14,-106,-14
1280,40,0.5,False,4,15,-33,-4
1280,40,0.5,False,4,16,7,4
1280,40,0.5,False,4,17,12,1
1280,40,0.5,False,4,18,1,0
1280,40,0.5,False,4,19,0,0
1280,40,0.5,False,4,20,7,0
1280,40,0.5,False,4,21,0,0
1280,40,0.5,False,5,0,-13,0
1280,40,0.5,False,5,1,-69,0
1280,40,0.5,False,5,2,-137,13
1280,40,0.5,False,5,3,-250,29
1280,40,0.5,False,5,4,-288,13
1280,40,0.5,False,5,5,-321,3
1280,40,0.5,False,5,6,-317,-9
1280,40,0.5,False,5,7,-338,-24
1280,40,0.5,False,5,8,-237,-17
1280,40,0.5,False,5,9,-187,-12
1280,40,0.5,False,5,10,-134,-4
1280,40,0.5,False,5,11,-102,-4
1280,40,0.5,False,5,12,-45,0
1280,40,0.5,False,5,13,-38,-2
1280,40,0.5,False,5,14,-25,-1
1280,40,0.5,False,5,15,-16,-1
1280,40,0.5,False,5,16,-18,-2
1280,40,0.5,False,5,17,-17,-1
1280,40,0.5,False,5,18,-12,-1
1280,40,0.5,False,6,0,-7,0
1280,40,0.5,False,6,1,-44,1
1280,40,0.5,False,6,2,-96,13
1280,40,0.5,False,6,3,-156,24
1280,40,0.5,False,6,4,-163,18
1280,40,0.5,False,6,5,-193,18
1280,40,0.5,False,6,6,-232,16
1280,40,0.5,False,6,7,-287,-6
1280,40,0.5,False,6,8,-223,-21
1280,40,0.5,False,6,9,-196,-23
1280,40,0.5,False,6,10,-213,-22
1280,40,0.5,False,6,11,-183,-11
1280,40,0.5,False,6,12,-149,-9
1280,40,0.5,False,6,13,-149,-13
1280,40,0.5,False,6,14,-126,-7
1280,40,0.5,False,6,15,-62,-5
1280,40,0.5,False,6,16,-21,2
1280,40,0.5,False,6,17,-16,5
1280,40,0.5,False,6,18,-6,1
1280,40,0.5,False,6,19,-19,3
1280,40,0.5,False,6,20,-13,2
1280,40,0.5,False,6,21,0,0
1280,40,0.5,False,7,0,-6,-1
1280,40,0.5,False,7,1,-62,-6
1280,40,0.5,False,7,2,-145,2
1280,40,0.5,False,7,3,-214,12
1280,40,0.5,False,7,4,-307,14
1280,40,0.5,False,7,5,-325,11
1280,40,0.5,False,7,6,-386,5
1280,40,0.5,False,7,7,-447,-26
1280,40,0.5,False,7,8,-310,-34
1280,40,0.5,False,7,9,-215,-30
1280,40,0.5,False,7,10,-115,-18
1280,40,0.5,False,7,11,-19,-3
1280,40,0.5,False,7,12,-15,4
1280,40,0.5,False,7,13,-13,3
1280,40,0.5,False,7,14,-12,0
1280,40,0.5,False,7,15,-2,0
1280,40,0.5,False,7,16,0,0
1280,40,0.5,False,8,0,0,1
1280,40,0.5,False,8,1,-1,1
1280,40,0.5,False,8,2,-17,1
1280,40,0.5,False,8,3,-41,4
1280,40,0.5,False,8,4,-102,14
1280,40,0.5,False,8,5,-152,11
1280,40,0.5,False,8,6,-207,4
1280,40,0.5,False,8,7,-250,16
1280,40,0.5,False,8,8,-217,3
1280,40,0.5,False,8,9,-236,0
1280,40,0.5,False,8,10,-287,-3
1280,40,0.5,False,8,11,-232,-5
1280,40,0.5,False,8,12,-215,-10
1280,40,0.5,False,8,13,-153,-6
1280,40,0.5,False,8,14,-112,-22
1280,40,0.5,False,8,15,-38,-10
1280,40,0.5,False,8,16,-29,-9
1280,40,0.5,False,8,17,-37,-8
1280,40,0.5,False,8,18,-54,-14
1280,40,0.5,False,8,19,-67,-24
1280,40,0.5,False,8,20,-56,-17
1280,40,0.5,False,8,21,-22,-6
1280,40,0.5,False,8,22,-1,0
1280,40,0.5,False,8,23,0,0
1280,40,0.5,False,8,24,-7,-1
1280,40,0.5,False,8,25,-9,0
1280,40,0.5,False,8,26,0,0
1280,40,0.5,False,9,0,0,0
1280,40,0.5,False,9,1,0,0
1280,40,0.5,False,9,2,-16,2
1280,40,0.5,False,9,3,-96,9
1280,40,0.5,False,9,4,-156,16
1280,40,0.5,False,9,5,-195,18
1280,40,0.5,False,9,6,-234,20
1280,40,0.5,False,9,7,-305,10
1280,40,0.5,False,9,8,-278,4
1280,40,0.5,False,9,9,-287,-9
1280,40,0.5,False,9,10,-314,-18
1280,40,0.5,False,9,11,-232,-23
1280,40,0.5,False,9,12,-173,-23
1280,40,0.5,False,9,13,-124,-18
1280,40,0.5,False,9,14,-102,-14
1280,40,0.5,False,9,15,-60,-5
1280,40,0.5,False,9,16,-33,-1
1280,40,0.5,False,9,17,-3,0
1280,40,0.5,False,9,18,0,0
1280,40,0.5,False,9,19,8,0
1280,40,0.5,False,9,20,19,-1
1280,40,0.5,False,9,21,11,-1
1280,40,0.5,False,9,22,0,0
1280,40,0.5,False,9,23,0,0
640,160,0.5,True,0,0,9,0
640,160,0.5,True,0,1,58,-8
640,160,0.5,True,0,2,115,-15
640,160,0.5,True,0,3,197,-24
640,160,0.5,True,0,4,202,-19
640,160,0.5,True,0,5,207,-11
640,160,0.5,True,0,6,168,-2
640,160,0.5,True,0,7,139,3
640,160,0.5,True,0,8,50,0
640,160,0.5,True,0,9,18,4
640,160,0.5,True,0,10,14,3
640,160,0.5,True,0,11,0,0
640,160,0.5,True,1,0,30,-6
640,160,0.5,True,1,1,105,-14
640,160,0.5,True,1,2,154,-9
640,160,0.5,True,1,3,218,-9
640,160,0.5,True,1,4,171,-7
640,160,0.5,True,1,5,129,-2
640,160,0.5,True,1,6,71,4
640,160,0.5,True,1,7,67,3
640,160,0.5,True,1,8,66,-1
640,160,0.5,True,1,9,73,-2
640,160,0.5,True,1,10,7,0
640,160,0.5,True,2,0,24,0
640,160,0.5,True,2,1,91,-1
640,160,0.5,True,2,2,154,-5
640,160,0.5,True,2,3,248,-12
640,160,0.5,True,2,4,251,-7
640,160,0.5,True,2,5,215,-2
640,160,0.5,True,2,6,138,5
640,160,0.5,True,2,7,42,6
640,160,0.5,True,2,8,18,2
640,160,0.5,True,2,9,37,-1
640,160,0.5,True,2,10,6,-1
640,160,0.5,True,3,0,32,-3
640,160,0.5,True,3,1,109,-5
640,160,0.5,True,3,2,169,-2
640,160,0.5,True,3,3,226,0
640,160,0.5,True,3,4,193,2
640,160,0.5,True,3,5,152,3
640,160,0.5,True,3,6,116,5
640,160,0.5,True,3,7,81,4
640,160,0.5,True,3,8,47,3
640,160,0.5,True,3,9,5,1
640,160,0.5,True,4,0,7,-1
640,160,0.5,True,4,1,45,-2
640,160,0.5,True,4,2,105,0
640,160,0.5,True,4,3,177,5
640,160,0.5,True,4,4,173,7
640,160,0.5,True,4,5,176,8
640,160,0.5,True,4,6,166,7
640,160,0.5,True,4,7,144,1
640,160,0.5,True,4,8,83,2
640,160,0.5,True,4,9,55,0
640,160,0.5,True,4,10,40,3
640,160,0.5,True,4,11,5,0
640,160,0.5,True,5,0,15,-1
640,160,0.5,True,5,1,56,-7
640,160,0.5,True,5,2,120,-10
640,160,0.5,True,5,3,209,-6
640,160,0.5,True,5,4,218,-4
640,160,0.5,True,5,5,232,5
640,160,0.5,True,5,6,203,12
640,160,0.5,True,5,7,140,9
640,160,0.5,True,5,8,59,8
640,160,0.5,True,5,9,32,1
640,160,0.5,True,5,10,0,0
640,160,0.5,True,6,0,17,-3
640,160,0.5,True,6,1,66,-12
640,160,0.5,True,6,2,126,-13
640,160,0.5,True,6,3,180,-11
640,160,0.5,True,6,4,154,-4
640,160,0.5,True,6,5,166,-4
640,160,0.5,True,6,6,170,-8
640,160,0.5,True,6,7,183,-6
640,160,0.5,True,6,8,134,-6
640,160,0.5,True,6,9,90,-3
640,160,0.5,True,6,10,25,1
640,160,0.5,True,7,0,5,0
640,160,0.5,True,7,1,19,-1
640,160,0.5,True,7,2,61,-6
640,160,0.5,True,7,3,157,-14
640,160,0.5,True,7,4,194,-15
640,160,0.5,True,7,5,213,-10
640,160,0.5,True,7,6,195,-4
640,160,0.5,True,7,7,181,-1
640,160,0.5,True,7,8,109,3
640,160,0.5,True,7,9,64,2
640,160,0.5,True,7,10,20,2
640,160,0.5,True,8,0,42,-3
640,160,0.5,True,8,1,114,-11
640,160,0.5,True,8,2,161,-8
640,160,0.5,True,8,3,223,-5
640,160,0.5,True,8,4,194,0
640,160,0.5,True,8,5,163,9
640,160,0.5,True,8,6,127,9
640,160,0.5,True,8,7,106,5
640,160,0.5,True,8,8,30,1
640,160,0.5,True,8,9,0,0
640,160,0.5,True,9,0,35,-5
640,160,0.5,True,9,1,93,-10
640,160,0.5,True,9,2,156,-7
640,160,0.5,True,9,3,231,-3
640,160,0.5,True,9,4,199,2
640,160,0.5,True,9,5,165,2
640,160,0.5,True,9,6,108,0
640,160,0.5,True,9,7,73,4
640,160,0.5,True,9,8,23,0
640,160,0.5,True,9,9,1,2
640,160,0.5,True,10,0,0,0
640,160,0.5,True,10,1,16,0
640,160,0.5,True,10,2,60,-3
640,160,0.5,True,10,3,169,-4
640,160,0.5,True,10,4,214,-3
640,160,0.5,True,10,5,241,-7
640,160,0.5,True,10,6,221,-10
640,160,0.5,True,10,7,175,-6
640,160,0.5,True,10,8,66,2
640,160,0.5,True,10,9,27,3
640,160,0.5,True,10,10,1,0
640,160,0.5,True,11,0,3,0
640,160,0.5,True,11,1,35,-4
640,160,0.5,True,11,2,95,-7
640,160,0.5,True,11,3,181,-7
640,160,0.5,True,11,4,197,-5
640,160,0.5,True,11,5,208,-9
640,160,0.5,True,11,6,207,-7
640,160,0.5,True,11,7,198,-9
640,160,0.5,True,11,8,109,-2
640,160,0.5,True,11,9,60,-1
640,160,0.5,True,11,10,28,-1
640,160,0.5,True,11,11,1,0
320,80,0.5,True,0,0,30,-3
320,80,0.5,True,0,1,76,-6
320,80,0.5,True,0,2,109,-5
320,80,0.5,True,0,3,139,-3
320,80,0.5,True,0,4,106,-3
320,80,0.5,True,0,5,76,0
320,80,0.5,True,0,6,45,1
320,80,0.5,True,0,7,27,0
320,80,0.5,True,0,8,2,0
320,80,0.5,True,1,0,19,-1
320,80,0.5,True,1,1,57,-7
320,80,0.5,True,1,2,111,-7
320,80,0.5,True,1,3,178,-8
320,80,0.5,True,1,4,137,-3
320,80,0.5,True,1,5,86,-1
320,80,0.5,True,1,6,29,2
320,80,0.5,True,1,7,0,1
320,80,0.5,True,1,8,0,0
320,80,0.5,True,2,0,12,-1
320,80,0.5,True,2,1,48,-4
320,80,0.5,True,2,2,85,-5
320,80,0.5,True,2,3,124,-2
320,80,0.5,True,2,4,107,0
320,80,0.5,True,2,5,96,2
320,80,0.5,True,2,6,73,0
320,80,0.5,True,2,7,28,2
320,80,0.5,True,2,8,1,3
320,80,0.5,True,2,9,1,0
320,80,0.5,True,3,0,0,-1
320,80,0.5,True,3,1,0,0
320,80,0.5,True,3,2,1,-2
320,80,0.5,True,3,3,22,-4
320,80,0.5,True,3,4,62,-4
320,80,0.5,True,3,5,96,-5
320,80,0.5,True,3,6,108,-2
320,80,0.5,True,3,7,116,0
320,80,0.5,True,3,8,77,5
320,80,0.5,True,3,9,51,4
320,80,0.5,True,3,10,18,4
320,80,0.5,True,3,11,4,2
320,80,0.5,True,4,0,15,-1
320,80,0.5,True,4,1,54,-5
320,80,0.5,True,4,2,108,-6
320,80,0.5,True,4,3,139,-7
320,80,0.5,True,4,4,161,-7
320,80,0.5,True,4,5,86,1
320,80,0.5,True,4,6,27,4
320,80,0.5,True,4,7,-3,2
320,80,0.5,True,5,0,17,-4
320,80,0.5,True,5,1,60,-8
320,80,0.5,True,5,2,103,-7
320,80,0.5,True,5,3,148,-4
320,80,0.5,True,5,4,124,-2
320,80,0.5,True,5,5,102,-1
320,80,0.5,True,5,6,70,-1
320,80,0.5,True,5,7,25,0
320,80,0.5,True,5,8,0,0
320,80,0.5,True,6,0,28,-3
320,80,0.5,True,6,1,51,-6
320,80,0.5,True,6,2,81,-8
320,80,0.5,True,6,3,131,-5
320,80,0.5,True,6,4,117,-3
320,80,0.5,True,6,5,95,-3
320,80,0.5,True,6,6,60,0
320,80,0.5,True,6,7,22,4
320,80,0.5,True,6,8,0,0
320,80,0.5,True,7,0,9,-1
320,80,0.5,True,7,1,47,-4
320,80,0.5,True,7,2,92,-5
320,80,0.5,True,7,3,141,-4
320,80,0.5,True,7,4,125,-3
320,80,0.5,True,7,5,99,-2
320,80,0.5,True,7,6,34,0
320,80,0.5,True,7,7,0,0
320,80,0.5,True,8,0,17,-3
320,80,0.5,True,8,1,54,-7
320,80,0.5,True,8,2,99,-7
320,80,0.5,True,8,3,139,-7
320,80,0.5,True,8,4,102,-4
320,80,0.5,True,8,5,64,2
320,80,0.5,True,8,6,35,4
320,80,0.5,True,8,7,23,1
320,80,0.5,True,8,8,8,0
320,80,0.5,True,9,0,30,-2
320,80,0.5,True,9,1,79,-7
320,80,0.5,True,9,2,119,-5
320,80,0.5,True,9,3,144,-13
320,80,0.5,True,9,4,189,-22
320,80,0.5,True,9,5,111,-9
320,80,0.5,True,9,6,40,2
320,80,0.5,True,9,7,3,1
320,80,0.5,True,9,8,0,0
320,80,0.5,True,10,0,16,-4
320,80,0.5,True,10,1,53,-7
320,80,0.5,True,10,2,89,-11
320,80,0.5,True,10,3,116,-9
320,80,0.5,True,10,4,102,-5
320,80,0.5,True,10,5,98,-2
320,80,0.5,True,10,6,79,0
320,80,0.5,True,10,7,62,1
320,80,0.5,True,10,8,16,-1
320,80,0.5,True,10,9,1,0
320,80,0.5,True,11,0,3,-1
320,80,0.5,True,11,1,28,-3
320,80,0.5,True,11,2,71,-5
320,80,0.5,True,11,3,120,-5
320,80,0.5,True,11,4,110,-2
320,80,0.5,True,11,5,102,-1
320,80,0.5,True,11,6,84,-1
320,80,0.5,True,11,7,60,0
320,80,0.5,True,11,8,33,1
320,80,0.5,True,11,9,0,0
320,40,0.5,False,0,0,4,-7
320,40,0.5,False,0,1,1,-1
320,40,0.5,False,0,2,0,0
320,40,0.5,False,0,3,-6,0
320,40,0.5,False,0,4,-61,1
320,40,0.5,False,0,5,-131,-2
320,40,0.5,False,0,6,-154,-4
320,40,0.5,False,0,7,-137,-5
320,40,0.5,False,0,8,-59,-1
320,40,0.5,False,0,9,-48,4
320,40,0.5,False,0,10,-50,3
320,40,0.5,False,0,11,-35,0
320,40,0.5,False,0,12,-1,-1
320,40,0.5,False,0,13,12,0
320,40,0.5,False,0,14,21,0
320,40,0.5,False,0,15,2,0
320,40,0.5,False,0,16,0,0
320,40,0.5,False,0,17,0,0
320,40,0.5,False,1,0,-20,-2
320,40,0.5,False,1,1,-69,-3
320,40,0.5,False,1,2,-106,1
320,40,0.5,False,1,3,-154,10
320,40,0.5,False,1,4,-118,14
320,40,0.5,False,1,5,-86,0
320,40,0.5,False,1,6,-48,-3
320,40,0.5,False,1,7,-35,0
320,40,0.5,False,1,8,-8,1
320,40,0.5,False,1,9,-1,0
320,40,0.5,False,1,10,-11,1
320,40,0.5,False,1,11,-1,0
320,40,0.5,False,2,0,-4,-1
320,40,0.5,False,2,1,-26,-1
320,40,0.5,False,2,2,-86,0
320,40,0.5,False,2,3,-144,4
320,40,0.5,False,2,4,-106,1
320,40,0.5,False,2,5,-87,0
320,40,0.5,False,2,6,-81,1
320,40,0.5,False,2,7,-84,0
320,40,0.5,False,2,8,-48,1
320,40,0.5,False,2,9,-19,0
320,40,0.5,False,3,0,-49,-8
320,40,0.5,False,3,1,-101,-2
320,40,0.5,False,3,2,-114,0
320,40,0.5,False,3,3,-114,0
320,40,0.5,False,3,4,-83,-1
320,40,0.5,False,3,5,-62,0
320,40,0.5,False,3,6,-66,-1
320,40,0.5,False,3,7,-47,-1
320,40,0.5,False,3,8,-31,0
320,40,0.5,False,3,9,-18,2
320,40,0.5,False,3,10,0,0
320,40,0.5,False,4,0,-26,-3
320,40,0.5,False,4,1,-86,-3
320,40,0.5,False,4,2,-94,0
320,40,0.5,False,4,3,-88,-3
320,40,0.5,False,4,4,-85,0
320,40,0.5,False,4,5,-56,4
320,40,0.5,False,4,6,-61,0
320,40,0.5,False,4,7,-74,-2
320,40,0.5,False,4,8,-55,-3
320,40,0.5,False,4,9,-28,0
320,40,0.5,False,4,10,-2,0
320,40,0.5,False,4,11,-2,2
320,40,0.5,False,5,0,1,0
320,40,0.5,False,5,1,-4,0
320,40,0.5,False,5,2,-67,-7
320,40,0.5,False,5,3,-128,-1
320,40,0.5,False,5,4,-100,-1
320,40,0.5,False,5,5,-74,-1
320,40,0.5,False,5,6,-75,-3
320,40,0.5,False,5,7,-109,-9
320,40,0.5,False,5,8,-69,-1
320,40,0.5,False,5,9,-34,-1
320,40,0.5,False,5,10,0,0
320,40,0.5,False,6,0,-25,-3
320,40,0.5,False,6,1,-71,-3
320,40,0.5,False,6,2,-85,3
320,40,0.5,False,6,3,-86,3
320,40,0.5,False,6,4,-67,0
320,40,0.5,False,6,5,-78,-3
320,40,0.5,False,6,6,-82,-4
320,40,0.5,False,6,7,-82,-5
320,40,0.5,False,6,8,-31,0
320,40,0.5,False,6,9,-40,1
320,40,0.5,False,6,10,-24,1
320,40,0.5,False,7,0,-38,-2
320,40,0.5,False,7,1,-95,-2
320,40,0.5,False,7,2,-105,0
320,40,0.5,False,7,3,-105,-3
320,40,0.5,False,7,4,-108,1
320,40,0.5,False,7,5,-74,2
320,40,0.5,False,7,6,-60,0
320,40,0.5,False,7,7,-57,-3
320,40,0.5,False,7,8,-15,0
320,40,0.5,False,7,9,-1,0
320,40,0.5,False,7,10,-1,0
320,40,0.5,False,8,0,-29,-4
320,40,0.5,False,8,1,-88,0
320,40,0.5,False,8,2,-119,1
320,40,0.5,False,8,3,-117,11
320,40,0.5,False,8,4,-70,3
320,40,0.5,False,8,5,-26,-1
320,40,0.5,False,8,6,-45,-2
320,40,0.5,False,8,7,-66,-4
320,40,0.5,False,8,8,-33,-3
320,40,0.5,False,8,9,-14,-2
320,40,0.5,False,8,10,-2,0
320,40,0.5,False,8,11,0,0
320,40,0.5,False,9,0,0,-1
320,40,0.5,False,9,1,-7,0
320,40,0.5,False,9,2,-70,-4
320,40,0.5,False,9,3,-144,-1
320,40,0.5,False,9,4,-136,-2
320,40,0.5,False,9,5,-117,0
320,40,0.5,False,9,6,-85,-4
320,40,0.5,False,9,7,-52,-3
320,40,0.5,False,9,8,-20,0
320,40,0.5,False,9,9,-11,-1
320,40,0.5,False,9,10,-18,-1
320,40,0.5,False,9,11,-9,-1
320,40,0.5,False,10,0,-15,-1
320,40,0.5,False,10,1,-94,-4
320,40,0.5,False,10,2,-140,-1
320,40,0.5,False,10,3,-125,-4
320,40,0.5,False,10,4,-73,-2
320,40,0.5,False,10,5,-47,-2
320,40,0.5,False,10,6,-64,-3
320,40,0.5,False,10,7,-51,-3
320,40,0.5,False,10,8,-26,-1
320,40,0.5,False,10,9,-15,-2
320,40,0.5,False,10,10,-5,0
1280,160,0.5,False,0,0,0,0
1280,160,0.5,False,0,1,-41,0
1280,160,0.5,False,0,2,-128,7
1280,160,0.5,False,0,3,-246,21
1280,160,0.5,False,0,4,-279,25
1280,160,0.5,False,0,5,-326,21
1280,160,0.5,False,0,6,-359,12
1280,160,0.5,False,0,7,-404,2
1280,160,0.5,False,0,8,-276,-14
1280,160,0.5,False,0,9,-163,-21
1280,160,0.5,False,0,10,-77,-13
1280,160,0.5,False,0,11,-30,0
1280,160,0.5,False,0,12,-50,2
1280,160,0.5,False,0,13,-69,-1
1280,160,0.5,False,0,14,-51,-1
1280,160,0.5,False,0,15,-8,0
1280,160,0.5,False,1,0,-6,-1
1280,160,0.5,False,1,1,-34,0
1280,160,0.5,False,1,2,-105,3
1280,160,0.5,False,1,3,-236,9
1280,160,0.5,False,1,4,-289,5
1280,160,0.5,False,1,5,-344,-2
1280,160,0.5,False,1,6,-400,-19
1280,160,0.5,False,1,7,-476,-47
1280,160,0.5,False,1,8,-360,-55
1280,160,0.5,False,1,9,-259,-50
1280,160,0.5,False,1,10,-140,-33
1280,160,0.5,False,1,11,-1,-1
1280,160,0.5,False,1,12,16,5
1280,160,0.5,False,2,0,-9,0
1280,160,0.5,False,2,1,-53,-1
1280,160,0.5,False,2,2,-129,-3
1280,160,0.5,False,2,3,-228,-7
1280,160,0.5,False,2,4,-253,-10
1280,160,0.5,False,2,5,-294,-15
1280,160,0.5,False,2,6,-381,-27
1280,160,0.5,False,2,7,-326,-33
1280,160,0.5,False,2,8,-288,-40
1280,160,0.5,False,2,9,-223,-35
1280,160,0.5,False,2,10,-185,-22
1280,160,0.5,False,2,11,-78,-2
1280,160,0.5,False,2,12,-16,0
1280,160,0.5,False,3,0,-3,0
1280,160,0.5,False,3,1,-51,-5
1280,160,0.5,False,3,2,-137,-12
1280,160,0.5,False,3,3,-258,-16
1280,160,0.5,False,3,4,-271,-13
1280,160,0.5,False,3,5,-311,-26
1280,160,0.5,False,3,6,-337,-40
1280,160,0.5,False,3,7,-404,-52
1280,160,0.5,False,3,8,-341,-49
1280,160,0.5,False,3,9,-276,-42
1280,160,0.5,False,3,10,-196,-30
1280,160,0.5,False,3,11,-49,-6
1280,160,0.5,False,3,12,22,3
1280,160,0.5,False,3,13,29,3
1280,160,0.5,False,3,14,1,1
1280,160,0.5,False,4,0,-38,-4
1280,160,0.5,False,4,1,-124,-3
1280,160,0.5,False,4,2,-214,2
1280,160,0.5,False,4,3,-341,13
1280,160,0.5,False,4,4,-315,6
1280,160,0.5,False,4,5,-329,-7
1280,160,0.5,False,4,6,-307,-11
1280,160,0.5,False,4,7,-310,-20
1280,160,0.5,False,4,8,-169,-4
1280,160,0.5,False,4,9,-103,-2
1280,160,0.5,False,4,10,-22,1
1280,160,0.5,False,4,11,-3,0
1280,160,0.5,False,4,12,-28,1
1280,160,0.5,False,4,13,-64,1
1280,160,0.5,False,4,14,-90,4
1280,160,0.5,False,4,15,-69,1
1280,160,0.5,False,4,16,0,0
1280,160,0.5,False,5,0,-31,2
1280,160,0.5,False,5,1,-103,9
1280,160,0.5,False,5,2,-201,30
1280,160,0.5,False,5,3,-360,37
1280,160,0.5,False,5,4,-381,14
1280,160,0.5,False,5,5,-400,2
1280,160,0.5,False,5,6,-361,-11
1280,160,0.5,False,5,7,-338,-28
1280,160,0.5,False,5,8,-211,-16
1280,160,0.5,False,5,9,-140,-1
1280,160,0.5,False,5,10,-37,10
1280,160,0.5,False,5,11,0,0
1280,160,0.5,False,6,0,-4,2
1280,160,0.5,False,6,1,-18,0
1280,160,0.5,False,6,2,-68,-3
1280,160,0.5,False,6,3,-174,3
1280,160,0.5,False,6,4,-215,15
1280,160,0.5,False,6,5,-262,25
1280,160,0.5,False,6,6,-383,20
1280,160,0.5,False,6,7,-349,5
1280,160,0.5,False,6,8,-311,0
1280,160,0.5,False,6,9,-212,-7
1280,160,0.5,False,6,10,-125,-2
1280,160,0.5,False,6,11,-34,3
1280,160,0.5,False,6,12,-18,4
1280,160,0.5,False,6,13,-50,2
1280,160,0.5,False,6,14,-99,0
1280,160,0.5,False,6,15,-106,-7
1280,160,0.5,False,6,16,-63,-4
1280,160,0.5,False,6,17,0,0
1280,160,0.5,False,7,0,-50,7
1280,160,0.5,False,7,1,-137,14
1280,160,0.5,False,7,2,-226,37
1280,160,0.5,False,7,3,-379,48
1280,160,0.5,False,7,4,-381,21
1280,160,0.5,False,7,5,-339,1
1280,160,0.5,False,7,6,-272,-20
1280,160,0.5,False,7,7,-231,-20
1280,160,0.5,False,7,8,-153,-5
1280,160,0.5,False,7,9,-72,2
1280,160,0.5,False,7,10,-49,0
1280,160,0.5,False,7,11,-57,-1
1280,160,0.5,False,7,12,-67,-5
1280,160,0.5,False,7,13,-79,-7
1280,160,0.5,False,7,14,-43,-2
1280,160,0.5,False,7,15,1,0
1280,160,0.5,False,8,0,1,0
1280,160,0.5,False,8,1,-2,0
1280,160,0.5,False,8,2,-39,5
1280,160,0.5,False,8,3,-147,7
1280,160,0.5,False,8,4,-182,24
1280,160,0.5,False,8,5,-221,34
1280,160,0.5,False,8,6,-251,35
1280,160,0.5,False,8,7,-320,44
1280,160,0.5,False,8,8,-295,27
1280,160,0.5,False,8,9,-273,14
1280,160,0.5,False,8,10,-290,8
1280,160,0.5,False,8,11,-193,3
1280,160,0.5,False,8,12,-155,-6
1280,160,0.5,False,8,13,-70,-1
1280,160,0.5,False,8,14,-39,-5
1280,160,0.5,False,8,15,0,0
1280,160,0.5,False,9,0,-8,3
1280,160,0.5,False,9,1,-9,3
1280,160,0.5,False,9,2,-42,0
1280,160,0.5,False,9,3,-91,0
1280,160,0.5,False,9,4,-167,14
1280,160,0.5,False,9,5,-216,32
1280,160,0.5,False,9,6,-300,44
1280,160,0.5,False,9,7,-391,27
1280,160,0.5,False,9,8,-338,-3
1280,160,0.5,False,9,9,-308,-18
1280,160,0.5,False,9,10,-266,-23
1280,160,0.5,False,9,11,-151,-11
1280,160,0.5,False,9,12,-97,-1
1280,160,0.5,False,9,13,-67,0
1280,160,0.5,False,9,14,-59,-1
1280,160,0.5,False,9,15,-81,-6
1280,160,0.5,False,9,16,-5,0
320,160,0.5,True,0,0,13,-2
320,160,0.5,True,0,1,65,-4
320,160,0.5,True,0,2,117,-3
320,160,0.5,True,0,3,150,2
320,160,0.5,True,0,4,99,9
320,160,0.5,True,0,5,49,7
320,160,0.5,True,0,6,7,2
320,160,0.5,True,0,7,12,4
320,160,0.5,True,1,0,31,-2
320,160,0.5,True,1,1,92,-4
320,160,0.5,True,1,2,135,0
320,160,0.5,True,1,3,150,9
320,160,0.5,True,1,4,98,10
320,160,0.5,True,1,5,48,7
320,160,0.5,True,1,6,11,2
320,160,0.5,True,1,7,0,1
320,160,0.5,True,2,0,15,-1
320,160,0.5,True,2,1,48,-5
320,160,0.5,True,2,2,96,-2
320,160,0.5,True,2,3,143,2
320,160,0.5,True,2,4,121,7
320,160,0.5,True,2,5,79,8
320,160,0.5,True,2,6,37,10
320,160,0.5,True,2,7,3,1
320,160,0.5,True,3,0,26,-4
320,160,0.5,True,3,1,91,-9
320,160,0.5,True,3,2,146,-3
320,160,0.5,True,3,3,171,0
320,160,0.5,True,3,4,114,3
320,160,0.5,True,3,5,57,1
320,160,0.5,True,3,6,2,0
320,160,0.5,True,4,0,0,0
320,160,0.5,True,4,1,0,0
320,160,0.5,True,4,2,0,0
320,160,0.5,True,4,3,21,-4
320,160,0.5,True,4,4,68,-10
320,160,0.5,True,4,5,110,-11
320,160,0.5,True,4,6,123,-4
320,160,0.5,True,4,7,90,3
320,160,0.5,True,4,8,63,0
320,160,0.5,True,4,9,6,0
320,160,0.5,True,5,0,25,-4
320,160,0.5,True,5,1,80,-7
320,160,0.5,True,5,2,127,-2
320,160,0.5,True,5,3,167,-2
320,160,0.5,True,5,4,119,0
320,160,0.5,True,5,5,62,2
320,160,0.5,True,5,6,5,2
320,160,0.5,True,6,0,9,-1
320,160,0.5,True,6,1,41,-4
320,160,0.5,True,6,2,97,-7
320,160,0.5,True,6,3,162,-3
320,160,0.5,True,6,4,138,-1
320,160,0.5,True,6,5,81,4
320,160,0.5,True,6,6,18,6
320,160,0.5,True,6,7,0,1
320,160,0.5,True,7,0,20,-3
320,160,0.5,True,7,1,68,-6
320,160,0.5,True,7,2,114,-1
320,160,0.5,True,7,3,129,1
320,160,0.5,True,7,4,79,3
320,160,0.5,True,7,5,59,5
320,160,0.5,True,7,6,47,3
320,160,0.5,True,7,7,11,1
320,160,0.5,True,8,0,50,-5
320,160,0.5,True,8,1,117,-4
320,160,0.5,True,8,2,147,-2
320,160,0.5,True,8,3,148,-1
320,160,0.5,True,8,4,66,3
320,160,0.5,True,8,5,3,1
320,160,0.5,True,9,0,22,-3
320,160,0.5,True,9,1,73,-7
320,160,0.5,True,9,2,122,-2
320,160,0.5,True,9,3,160,-1
320,160,0.5,True,9,4,112,0
320,160,0.5,True,9,5,44,1
1280,80,0.5,False,0,0,-46,-3
1280,80,0.5,False,0,1,-112,-3
1280,80,0.5,False,0,2,-186,0
1280,80,0.5,False,0,3,-298,5
1280,80,0.5,False,0,4,-310,-7
1280,80,0.5,False,0,5,-334,-20
1280,80,0.5,False,0,6,-372,-37
1280,80,0.5,False,0,7,-273,-33
1280,80,0.5,False,0,8,-202,-23
1280,80,0.5,False,0,9,-120,-16
1280,80,0.5,False,0,10,-49,-1
1280,80,0.5,False,0,11,-38,5
1280,80,0.5,False,0,12,-77,2
1280,80,0.5,False,0,13,-58,5
1280,80,0.5,False,0,14,-47,0
1280,80,0.5,False,0,15,-6,0
1280,80,0.5,False,1,0,-52,-11
1280,80,0.5,False,1,1,-145,-16
1280,80,0.5,False,1,2,-201,-7
1280,80,0.5,False,1,3,-312,-10
1280,80,0.5,False,1,4,-365,-17
1280,80,0.5,False,1,5,-432,-35
1280,80,0.5,False,1,6,-485,-69
1280,80,0.5,False,1,7,-335,-67
1280,80,0.5,False,1,8,-218,-38
1280,80,0.5,False,1,9,-121,-11
1280,80,0.5,False,1,10,-24,5
1280,80,0.5,False,1,11,26,9
1280,80,0.5,False,1,12,32,8
1280,80,0.5,False,1,13,2,0
1280,80,0.5,False,1,14,13,2
1280,80,0.5,False,1,15,21,2
1280,80,0.5,False,1,16,2,1
1280,80,0.5,False,2,0,-1,2
1280,80,0.5,False,2,1,0,1
1280,80,0.5,False,2,2,1,0
1280,80,0.5,False,2,3,-2,0
1280,80,0.5,False,2,4,-55,0
1280,80,0.5,False,2,5,-120,-1
1280,80,0.5,False,2,6,-174,9
1280,80,0.5,False,2,7,-268,10
1280,80,0.5,False,2,8,-285,3
1280,80,0.5,False,2,9,-323,-2
1280,80,0.5,False,2,10,-419,-19
1280,80,0.5,False,2,11,-342,-12
1280,80,0.5,False,2,12,-316,-17
1280,80,0.5,False,2,13,-230,-15
1280,80,0.5,False,2,14,-139,-10
1280,80,0.5,False,2,15,-15,1
1280,80,0.5,False,2,16,30,4
1280,80,0.5,False,2,17,36,3
1280,80,0.5,False,2,18,51,4
1280,80,0.5,False,2,19,38,1
1280,80,0.5,False,2,20,5,0
1280,80,0.5,False,2,21,-2,0
1280,80,0.5,False,2,22,-5,1
1280,80,0.5,False,2,23,0,0
1280,80,0.5,False,3,0,-26,-4
1280,80,0.5,False,3,1,-83,-4
1280,80,0.5,False,3,2,-136,1
1280,80,0.5,False,3,3,-193,6
1280,80,0.5,False,3,4,-293,11
1280,80,0.5,False,3,5,-309,-2
1280,80,0.5,False,3,6,-326,-13
1280,80,0.5,False,3,7,-339,-26
1280,80,0.5,False,3,8,-236,-25
1280,80,0.5,False,3,9,-181,-24
1280,80,0.5,False,3,10,-133,-12
1280,80,0.5,False,3,11,-119,-3
1280,80,0.5,False,3,12,-51,5
1280,80,0.5,False,3,13,-32,1
1280,80,0.5,False,3,14,-9,1
1280,80,0.5,False,3,15,-20,2
1280,80,0.5,False,3,16,-15,2
1280,80,0.5,False,3,17,-26,0
1280,80,0.5,False,3,18,-4,1
1280,80,0.5,False,4,0,-5,1
1280,80,0.5,False,4,1,-37,3
1280,80,0.5,False,4,2,-105,1
1280,80,0.5,False,4,3,-210,5
1280,80,0.5,False,4,4,-242,10
1280,80,0.5,False,4,5,-282,6
1280,80,0.5,False,4,6,-297,1
1280,80,0.5,False,4,7,-337,-4
1280,80,0.5,False,4,8,-260,-6
1280,80,0.5,False,4,9,-220,-4
1280,80,0.5,False,4,10,-212,-7
1280,80,0.5,False,4,11,-112,-3
1280,80,0.5,False,4,12,-73,-1
1280,80,0.5,False,4,13,-49,1
1280,80,0.5,False,4,14,-33,0
1280,80,0.5,False,4,15,-12,0
1280,80,0.5,False,4,16,-10,-1
1280,80,0.5,False,4,17,-3,0
1280,80,0.5,False,5,0,-2,0
1280,80,0.5,False,5,1,-29,0
1280,80,0.5,False,5,2,-70,6
1280,80,0.5,False,5,3,-153,14
1280,80,0.5,False,5,4,-185,15
1280,80,0.5,False,5,5,-227,16
1280,80,0.5,False,5,6,-255,6
1280,80,0.5,False,5,7,-317,-4
1280,80,0.5,False,5,8,-283,-8
1280,80,0.5,False,5,9,-270,-12
1280,80,0.5,False,5,10,-230,-39
1280,80,0.5,False,5,11,-140,-35
1280,80,0.5,False,5,12,-115,-19
1280,80,0.5,False,5,13,-94,-8
1280,80,0.5,False,5,14,-57,-2
1280,80,0.5,False,5,15,-2,0
1280,80,0.5,False,5,16,0,0
1280,80,0.5,False,5,17,-20,1
1280,80,0.5,False,5,18,-55,-5
1280,80,0.5,False,5,19,-40,-4
1280,80,0.5,False,5,20,-5,0
1280,80,0.5,False,6,0,-38,4
1280,80,0.5,False,6,1,-123,11
1280,80,0.5,False,6,2,-192,23
1280,80,0.5,False,6,3,-302,27
1280,80,0.5,False,6,4,-322,12
1280,80,0.5,False,6,5,-349,5
1280,80,0.5,False,6,6,-334,-3
1280,80,0.5,False,6,7,-334,-17
1280,80,0.5,False,6,8,-233,-13
1280,80,0.5,False,6,9,-178,-6
1280,80,0.5,False,6,10,-151,-3
1280,80,0.5,False,6,11,-64,-2
1280,80,0.5,False,6,12,-27,-1
1280,80,0.5,False,6,13,0,0
1280,80,0.5,False,7,0,-8,1
1280,80,0.5,False,7,1,-44,-2
1280,80,0.5,False,7,2,-119,-1
1280,80,0.5,False,7,3,-223,4
1280,80,0.5,False,7,4,-239,20
1280,80,0.5,False,7,5,-289,24
1280,80,0.5,False,7,6,-391,7
1280,80,0.5,False,7,7,-347,-16
1280,80,0.5,False,7,8,-308,-30
1280,80,0.5,False,7,9,-221,-24
1280,80,0.5,False,7,10,-167,-22
1280,80,0.5,False,7,11,-134,-7
1280,80,0.5,False,7,12,-83,-3
1280,80,0.5,False,7,13,-33,4
1280,80,0.5,False,7,14,-1,0
1280,80,0.5,False,7,15,1,0
1280,80,0.5,False,8,0,-23,-9
1280,80,0.5,False,8,1,-80,-12
1280,80,0.5,False,8,2,-169,-19
1280,80,0.5,False,8,3,-266,-16
1280,80,0.5,False,8,4,-261,-13
1280,80,0.5,False,8,5,-266,-19
1280,80,0.5,False,8,6,-267,-36
1280,80,0.5,False,8,7,-304,-35
1280,80,0.5,False,8,8,-238,-29
1280,80,0.5,False,8,9,-183,-27
1280,80,0.5,False,8,10,-137,-21
1280,80,0.5,False,8,11,-109,-11
1280,80,0.5,False,8,12,-61,-3
1280,80,0.5,False,8,13,-22,-1
1280,80,0.5,False,8,14,-6,0
1280,80,0.5,False,8,15,-19,-1
1280,80,0.5,False,8,16,-43,0
1280,80,0.5,False,8,17,-73,-1
1280,80,0.5,False,8,18,-57,2
1280,80,0.5,False,8,19,0,0
1280,80,0.5,False,9,0,-32,0
1280,80,0.5,False,9,1,-109,2
1280,80,0.5,False,9,2,-184,18
1280,80,0.5,False,9,3,-276,42
1280,80,0.5,False,9,4,-298,40
1280,80,0.5,False,9,5,-351,33
1280,80,0.5,False,9,6,-347,29
1280,80,0.5,False,9,7,-367,18
1280,80,0.5,False,9,8,-246,8
1280,80,0.5,False,9,9,-159,0
1280,80,0.5,False,9,10,-69,-5
1280,80,0.5,False,9,11,-8,0
1280,80,0.5,False,9,12,6,2
1280,80,0.5,False,9,13,-3,2
1280,80,0.5,False,9,14,0,0
1280,80,0.5,False,10,0,-32,6
1280,80,0.5,False,10,1,-99,16
1280,80,0.5,False,10,2,-178,27
1280,80,0.5,False,10,3,-290,42
1280,80,0.5,False,10,4,-299,36
1280,80,0.5,False,10,5,-293,32
1280,80,0.5,False,10,6,-301,27
1280,80,0.5,False,10,7,-224,18
1280,80,0.5,False,10,8,-192,21
1280,80,0.5,False,10,9,-170,15
1280,80,0.5,False,10,10,-160,4
1280,80,0.5,False,10,11,-101,-11
1280,80,0.5,False,10,12,-66,-17
1280,80,0.5,False,10,13,-72,-20
1280,80,0.5,False,10,14,-67,-11
1280,80,0.5,False,10,15,-25,-3
1280,80,0.5,False,10,16,0,0
1280,80,0.5,False,10,17,7,0
1280,80,0.5,False,10,18,1,0
1280,80,0.5,False,10,19,1,0
1280,80,0.5,False,11,0,0,1
1280,80,0.5,False,11,1,-1,1
1280,80,0.5,False,11,2,-21,2
1280,80,0.5,False,11,3,-107,15
1280,80,0.5,False,11,4,-183,17
1280,80,0.5,False,11,5,-255,13
1280,80,0.5,False,11,6,-305,5
1280,80,0.5,False,11,7,-384,-9
1280,80,0.5,False,11,8,-321,-23
1280,80,0.5,False,11,9,-291,-33
1280,80,0.5,False,11,10,-235,-26
1280,80,0.5,False,11,11,-202,-25
1280,80,0.5,False,11,12,-117,-11
1280,80,0.5,False,11,13,-53,1
1280,80,0.5,False,11,14,-19,0
1280,80,0.5,False,11,15,-2,0
1280,80,0.5,False,11,16,0,0
160,160,0.5,True,0,0,32,-2
160,160,0.5,True,0,1,66,0
160,160,0.5,True,0,2,51,0
160,160,0.5,True,0,3,7,0
160,160,0.5,True,0,4,0,0
160,160,0.5,True,1,0,22,-4
160,160,0.5,True,1,1,59,-8
160,160,0.5,True,1,2,71,-4
160,160,0.5,True,1,3,66,0
160,160,0.5,True,1,4,24,2
160,160,0.5,True,1,5,1,0
160,160,0.5,True,2,0,19,-2
160,160,0.5,True,2,1,47,-5
160,160,0.5,True,2,2,71,-4
160,160,0.5,True,2,3,64,0
160,160,0.5,True,2,4,28,3
160,160,0.5,True,2,5,9,2
160,160,0.5,True,3,0,21,-2
160,160,0.5,True,3,1,54,-8
160,160,0.5,True,3,2,60,-3
160,160,0.5,True,3,3,50,0
160,160,0.5,True,3,4,12,1
160,160,0.5,True,4,0,25,-3
160,160,0.5,True,4,1,59,-8
160,160,0.5,True,4,2,69,-4
160,160,0.5,True,4,3,46,0
160,160,0.5,True,4,4,13,2
160,160,0.5,True,5,0,27,-2
160,160,0.5,True,5,1,58,-5
160,160,0.5,True,5,2,57,-2
160,160,0.5,True,5,3,21,0
160,160,0.5,True,6,0,15,-2
160,160,0.5,True,6,1,49,-7
160,160,0.5,True,6,2,78,-7
160,160,0.5,True,6,3,78,-3
160,160,0.5,True,6,4,28,2
160,160,0.5,True,6,5,0,1
160,160,0.5,True,7,0,18,-1
160,160,0.5,True,7,1,51,-7
160,160,0.5,True,7,2,79,-3
160,160,0.5,True,7,3,62,2
160,160,0.5,True,7,4,2,1
160,160,0.5,True,8,0,21,-3
160,160,0.5,True,8,1,59,-6
160,160,0.5,True,8,2,82,-4
160,160,0.5,True,8,3,68,-1
160,160,0.5,True,8,4,3,0
160,160,0.5,True,9,0,20,-3
160,160,0.5,True,9,1,59,-6
160,160,0.5,True,9,2,76,-7
160,160,0.5,True,9,3,35,-2
1280,160,0.5,True,0,0,13,0
1280,160,0.5,True,0,1,70,-4
1280,160,0.5,True,0,2,170,-7
1280,160,0.5,True,0,3,286,-20
1280,160,0.5,True,0,4,285,-34
1280,160,0.5,True,0,5,278,-38
1280,160,0.5,True,0,6,216,-21
1280,160,0.5,True,0,7,152,-4
1280,160,0.5,True,0,8,80,-3
1280,160,0.5,True,0,9,88,-13
1280,160,0.5,True,0,10,112,-25
1280,160,0.5,True,0,11,174,-30
1280,160,0.5,True,0,12,152,-26
1280,160,0.5,True,0,13,142,-15
1280,160,0.5,True,0,14,131,-12
1280,160,0.5,True,0,15,139,-11
1280,160,0.5,True,0,16,67,-7
1280,160,0.5,True,0,17,4,0
1280,160,0.5,True,1,0,4,1
1280,160,0.5,True,1,1,18,0
1280,160,0.5,True,1,2,55,-6
1280,160,0.5,True,1,3,194,-14
1280,160,0.5,True,1,4,297,-18
1280,160,0.5,True,1,5,394,-23
1280,160,0.5,True,1,6,434,-35
1280,160,0.5,True,1,7,480,-42
1280,160,0.5,True,1,8,334,-25
1280,160,0.5,True,1,9,221,-11
1280,160,0.5,True,1,10,129,-1
1280,160,0.5,True,1,11,22,2
1280,160,0.5,True,1,12,-1,0
1280,160,0.5,True,2,0,19,-6
1280,160,0.5,True,2,1,75,-14
1280,160,0.5,True,2,2,174,-19
1280,160,0.5,True,2,3,322,-23
1280,160,0.5,True,2,4,358,-18
1280,160,0.5,True,2,5,377,-22
1280,160,0.5,True,2,6,336,-21
1280,160,0.5,True,2,7,301,-16
1280,160,0.5,True,2,8,193,-11
1280,160,0.5,True,2,9,123,-14
1280,160,0.5,True,2,10,63,-3
1280,160,0.5,True,2,11,44,0
1280,160,0.5,True,2,12,1,0
1280,160,0.5,True,3,0,22,-2
1280,160,0.5,True,3,1,109,-8
1280,160,0.5,True,3,2,212,-3
1280,160,0.5,True,3,3,360,-2
1280,160,0.5,True,3,4,383,-1
1280,160,0.5,True,3,5,388,1
1280,160,0.5,True,3,6,335,-10
1280,160,0.5,True,3,7,245,-17
1280,160,0.5,True,3,8,79,-4
1280,160,0.5,True,3,9,7,0
1280,160,0.5,True,3,10,9,-1
1280,160,0.5,True,3,11,21,-1
1280,160,0.5,True,3,12,81,0
1280,160,0.5,True,3,13,101,-9
1280,160,0.5,True,3,14,69,-6
1280,160,0.5,True,3,15,0,1
1280,160,0.5,True,3,16,0,0
1280,160,0.5,True,4,0,44,-3
1280,160,0.5,True,4,1,134,-9
1280,160,0.5,True,4,2,250,-17
1280,160,0.5,True,4,3,417,-22
1280,160,0.5,True,4,4,422,-14
1280,160,0.5,True,4,5,431,-14
1280,160,0.5,True,4,6,400,-8
1280,160,0.5,True,4,7,382,-10
1280,160,0.5,True,4,8,222,-9
1280,160,0.5,True,4,9,115,-7
1280,160,0.5,True,4,10,16,-2
1280,160,0.5,True,4,11,-4,0
1280,160,0.5,True,5,0,0,0
1280,160,0.5,True,5,1,36,-4
1280,160,0.5,True,5,2,113,-9
1280,160,0.5,True,5,3,247,-19
1280,160,0.5,True,5,4,297,-17
1280,160,0.5,True,5,5,348,-11
1280,160,0.5,True,5,6,361,-3
1280,160,0.5,True,5,7,376,2
1280,160,0.5,True,5,8,275,4
1280,160,0.5,True,5,9,215,2
1280,160,0.5,True,5,10,165,2
1280,160,0.5,True,5,11,59,0
1280,160,0.5,True,5,12,1,0
1280,160,0.5,True,5,13,-1,0
1280,160,0.5,True,5,14,0,0
1280,160,0.5,True,6,0,3,1
1280,160,0.5,True,6,1,27,-2
1280,160,0.5,True,6,2,120,-10
1280,160,0.5,True,6,3,250,-14
1280,160,0.5,True,6,4,282,-11
1280,160,0.5,True,6,5,321,-14
1280,160,0.5,True,6,6,324,-12
1280,160,0.5,True,6,7,342,-2
1280,160,0.5,True,6,8,241,1
1280,160,0.5,True,6,9,142,2
1280,160,0.5,True,6,10,37,6
1280,160,0.5,True,6,11,-3,0
1280,160,0.5,True,6,12,6,-3
1280,160,0.5,True,6,13,62,-8
1280,160,0.5,True,6,14,111,-15
1280,160,0.5,True,6,15,104,-13
1280,160,0.5,True,6,16,88,-7
1280,160,0.5,True,6,17,13,0
1280,160,0.5,True,6,18,-13,3
1280,160,0.5,True,7,0,25,-3
1280,160,0.5,True,7,1,103,-10
1280,160,0.5,True,7,2,203,-10
1280,160,0.5,True,7,3,337,-6
1280,160,0.5,True,7,4,342,-1
1280,160,0.5,True,7,5,353,1
1280,160,0.5,True,7,6,344,2
1280,160,0.5,True,7,7,357,0
1280,160,0.5,True,7,8,206,-3
1280,160,0.5,True,7,9,132,0
1280,160,0.5,True,7,10,36,0
1280,160,0.5,True,7,11,-2,-1
1280,160,0.5,True,8,0,53,-11
1280,160,0.5,True,8,1,158,-15
1280,160,0.5,True,8,2,241,-9
1280,160,0.5,True,8,3,286,-8
1280,160,0.5,True,8,4,369,-13
1280,160,0.5,True,8,5,329,-6
1280,160,0.5,True,8,6,302,-3
1280,160,0.5,True,8,7,305,-4
1280,160,0.5,True,8,8,203,-3
1280,160,0.5,True,8,9,136,-5
1280,160,0.5,True,8,10,61,-1
1280,160,0.5,True,8,11,19,0
1280,160,0.5,True,8,12,-4,0
1280,160,0.5,True,9,0,39,-7
1280,160,0.5,True,9,1,124,-8
1280,160,0.5,True,9,2,205,-1
1280,160,0.5,True,9,3,318,-2
1280,160,0.5,True,9,4,319,-1
1280,160,0.5,True,9,5,341,-2
1280,160,0.5,True,9,6,333,-3
1280,160,0.5,True,9,7,343,-5
1280,160,0.5,True,9,8,205,-5
1280,160,0.5,True,9,9,130,-7
1280,160,0.5,True,9,10,71,-7
1280,160,0.5,True,9,11,1,0
1280,160,0.5,True,10,0,2,0
1280,160,0.5,True,10,1,18,-1
1280,160,0.5,True,10,2,76,-9
1280,160,0.5,True,10,3,198,-17
1280,160,0.5,True,10,4,261,-12
1280,160,0.5,True,10,5,324,-13
1280,160,0.5,True,10,6,352,-18
1280,160,0.5,True,10,7,380,-24
1280,160,0.5,True,10,8,261,-10
1280,160,0.5,True,10,9,194,-12
1280,160,0.5,True,10,10,149,-17
1280,160,0.5,True,10,11,127,-15
1280,160,0.5,True,10,12,77,-1
1280,160,0.5,True,10,13,14,0
320,160,0.5,False,0,0,-44,-1
320,160,0.5,False,0,1,-106,1
320,160,0.5,False,0,2,-133,0
320,160,0.5,False,0,3,-133,-3
320,160,0.5,False,0,4,-45,0
320,160,0.5,False,0,5,-19,-2
320,160,0.5,False,0,6,-7,0
320,160,0.5,False,1,0,-51,-4
320,160,0.5,False,1,1,-119,-7
320,160,0.5,False,1,2,-141,-6
320,160,0.5,False,1,3,-132,-6
320,160,0.5,False,1,4,-60,1
320,160,0.5,False,1,5,-39,5
320,160,0.5,False,1,6,-16,1
320,160,0.5,False,1,7,0,0
320,160,0.5,False,2,0,-34,-6
320,160,0.5,False,2,1,-89,-2
320,160,0.5,False,2,2,-136,5
320,160,0.5,False,2,3,-154,0
320,160,0.5,False,2,4,-97,-6
320,160,0.5,False,2,5,-65,-6
320,160,0.5,False,2,6,-22,0
320,160,0.5,False,3,0,-25,1
320,160,0.5,False,3,1,-99,-4
320,160,0.5,False,3,2,-155,-5
320,160,0.5,False,3,3,-195,-13
320,160,0.5,False,3,4,-98,-9
320,160,0.5,False,3,5,-8,0
320,160,0.5,False,4,0,-28,1
320,160,0.5,False,4,1,-94,-3
320,160,0.5,False,4,2,-149,1
320,160,0.5,False,4,3,-141,3
320,160,0.5,False,4,4,-58,-1
320,160,0.5,False,4,5,-10,3
320,160,0.5,False,4,6,-28,5
320,160,0.5,False,4,7,-12,1
320,160,0.5,False,5,0,5,-1
320,160,0.5,False,5,1,-7,-3
320,160,0.5,False,5,2,-65,-6
320,160,0.5,False,5,3,-173,1
320,160,0.5,False,5,4,-192,0
320,160,0.5,False,5,5,-115,0
320,160,0.5,False,5,6,-31,-4
320,160,0.5,False,5,7,0,0
320,160,0.5,False,6,0,-32,-3
320,160,0.5,False,6,1,-132,-10
320,160,0.5,False,6,2,-185,-3
320,160,0.5,False,6,3,-150,-2
320,160,0.5,False,6,4,-20,1
320,160,0.5,False,7,0,-33,2
320,160,0.5,False,7,1,-127,-2
320,160,0.5,False,7,2,-179,0
320,160,0.5,False,7,3,-128,7
320,160,0.5,False,7,4,-56,3
320,160,0.5,False,7,5,-3,1
320,160,0.5,False,7,6,-4,1
320,160,0.5,False,8,0,1,0
320,160,0.5,False,8,1,0,0
320,160,0.5,False,8,2,-31,1
320,160,0.5,False,8,3,-98,1
320,160,0.5,False,8,4,-189,1
320,160,0.5,False,8,5,-151,-1
320,160,0.5,False,8,6,-57,-2
320,160,0.5,False,8,7,0,0
320,160,0.5,False,9,0,-45,-3
320,160,0.5,False,9,1,-134,-8
320,160,0.5,False,9,2,-172,-9
320,160,0.5,False,9,3,-173,-15
320,160,0.5,False,9,4,-40,-2
320,160,0.5,False,9,5,8,0
320,160,0.5,False,9,6,4,0
640,160,0.5,False,0,0,-41,2
640,160,0.5,False,0,1,-130,7
640,160,0.5,False,0,2,-228,3
640,160,0.5,False,0,3,-329,0
640,160,0.5,False,0,4,-261,-17
640,160,0.5,False,0,5,-156,-12
640,160,0.5,False,0,6,-40,-3
640,160,0.5,False,0,7,-19,1
640,160,0.5,False,0,8,-1,1
640,160,0.5,False,1,0,-26,-3
640,160,0.5,False,1,1,-126,-1
640,160,0.5,False,1,2,-231,9
640,160,0.5,False,1,3,-336,-12
640,160,0.5,False,1,4,-203,-14
640,160,0.5,False,1,5,-105,-5
640,160,0.5,False,1,6,-75,-1
640,160,0.5,False,1,7,-12,2
640,160,0.5,False,1,8,0,0
640,160,0.5,False,2,0,-49,-5
640,160,0.5,False,2,1,-153,-2
640,160,0.5,False,2,2,-250,5
640,160,0.5,False,2,3,-320,-6
640,160,0.5,False,2,4,-241,-25
640,160,0.5,False,2,5,-189,-22
640,160,0.5,False,2,6,-132,-15
640,160,0.5,False,2,7,-48,-3
640,160,0.5,False,2,8,0,0
640,160,0.5,False,3,0,-23,-5
640,160,0.5,False,3,1,-94,-1
640,160,0.5,False,3,2,-187,-6
640,160,0.5,False,3,3,-254,-18
640,160,0.5,False,3,4,-314,-33
640,160,0.5,False,3,5,-207,-28
640,160,0.5,False,3,6,-113,-13
640,160,0.5,False,3,7,-79,-6
640,160,0.5,False,3,8,-15,0
640,160,0.5,False,3,9,0,0
640,160,0.5,False,4,0,-45,0
640,160,0.5,False,4,1,-143,-6
640,160,0.5,False,4,2,-215,-5
640,160,0.5,False,4,3,-266,-18
640,160,0.5,False,4,4,-206,-27
640,160,0.5,False,4,5,-162,-22
640,160,0.5,False,4,6,-122,-19
640,160,0.5,False,4,7,-96,-10
640,160,0.5,False,4,8,1,1
640,160,0.5,False,5,0,-60,-4
640,160,0.5,False,5,1,-171,-1
640,160,0.5,False,5,2,-240,-2
640,160,0.5,False,5,3,-245,-15
640,160,0.5,False,5,4,-231,-32
640,160,0.5,False,5,5,-172,-16
640,160,0.5,False,5,6,-107,-2
640,160,0.5,False,5,7,-38,-5
640,160,0.5,False,5,8,4,-1
640,160,0.5,False,6,0,-73,-12
640,160,0.5,False,6,1,-180,-11
640,160,0.5,False,6,2,-223,-18
640,160,0.5,False,6,3,-275,-42
640,160,0.5,False,6,4,-224,-34
640,160,0.5,False,6,5,-160,-19
640,160,0.5,False,6,6,-80,-7
640,160,0.5,False,6,7,-12,0
640,160,0.5,False,7,0,-40,-1
640,160,0.5,False,7,1,-145,-15
640,160,0.5,False,7,2,-213,-26
640,160,0.5,False,7,3,-243,-37
640,160,0.5,False,7,4,-198,-32
640,160,0.5,False,7,5,-164,-18
640,160,0.5,False,7,6,-128,-15
640,160,0.5,False,7,7,-57,-7
640,160,0.5,False,7,8,1,0
640,160,0.5,False,8,0,-26,-2
640,160,0.5,False,8,1,-128,-10
640,160,0.5,False,8,2,-217,-20
640,160,0.5,False,8,3,-315,-37
640,160,0.5,False,8,4,-222,-35
640,160,0.5,False,8,5,-137,-21
640,160,0.5,False,8,6,-85,-10
640,160,0.5,False,8,7,-44,-3
640,160,0.5,False,8,8,0,0
640,160,0.5,False,9,0,-45,-4
640,160,0.5,False,9,1,-136,-5
640,160,0.5,False,9,2,-209,-17
640,160,0.5,False,9,3,-268,-28
640,160,0.5,False,9,4,-178,-21
640,160,0.5,False,9,5,-140,-18
640,160,0.5,False,9,6,-128,-12
640,160,0.5,False,9,7,-102,-7
640,160,0.5,False,9,8,-41,-4
640,160,0.5,False,9,9,-6,0
640,160,0.5,False,10,0,-48,-5
640,160,0.5,False,10,1,-129,-4
640,160,0.5,False,10,2,-175,-6
640,160,0.5,False,10,3,-247,-16
640,160,0.5,False,10,4,-212,-23
640,160,0.5,False,10,5,-197,-28
640,160,0.5,False,10,6,-121,-15
640,160,0.5,False,10,7,-59,-6
640,160,0.5,False,10,8,-5,0
320,40,0.5,True,0,0,45,-3
320,40,0.5,True,0,1,116,-3
320,40,0.5,True,0,2,158,0
320,40,0.5,True,0,3,173,-1
320,40,0.5,True,0,4,66,-1
320,40,0.5,True,0,5,2,0
320,40,0.5,True,0,6,0,0
320,40,0.5,True,0,7,0,0
320,40,0.5,True,1,0,42,-6
320,40,0.5,True,1,1,102,-13
320,40,0.5,True,1,2,126,-12
320,40,0.5,True,1,3,140,-11
320,40,0.5,True,1,4,98,-2
320,40,0.5,True,1,5,59,1
320,40,0.5,True,1,6,31,3
320,40,0.5,True,1,7,6,0
320,40,0.5,True,2,0,36,-4
320,40,0.5,True,2,1,89,-8
320,40,0.5,True,2,2,125,-4
320,40,0.5,True,2,3,141,-2
320,40,0.5,True,2,4,93,0
320,40,0.5,True,2,5,32,3
320,40,0.5,True,2,6,15,2
320,40,0.5,True,2,7,0,0
320,40,0.5,True,3,0,18,-1
320,40,0.5,True,3,1,65,-7
320,40,0.5,True,3,2,98,-7
320,40,0.5,True,3,3,121,-3
320,40,0.5,True,3,4,75,-1
320,40,0.5,True,3,5,41,0
320,40,0.5,True,3,6,56,3
320,40,0.5,True,3,7,55,0
320,40,0.5,True,3,8,60,0
320,40,0.5,True,3,9,54,-1
320,40,0.5,True,3,10,19,-1
320,40,0.5,True,3,11,0,0
320,40,0.5,True,3,12,0,0
320,40,0.5,True,4,0,1,0
320,40,0.5,True,4,1,4,-2
320,40,0.5,True,4,2,20,-3
320,40,0.5,True,4,3,77,-7
320,40,0.5,True,4,4,113,-6
320,40,0.5,True,4,5,121,-5
320,40,0.5,True,4,6,103,-1
320,40,0.5,True,4,7,84,1
320,40,0.5,True,4,8,54,3
320,40,0.5,True,4,9,42,1
320,40,0.5,True,4,10,33,2
320,40,0.5,True,4,11,20,1
320,40,0.5,True,4,12,-2,0
320,40,0.5,True,4,13,-2,0
320,40,0.5,True,4,14,-19,0
320,40,0.5,True,4,15,-18,0
320,40,0.5,True,4,16,-8,0
320,40,0.5,True,4,17,0,0
320,40,0.5,True,4,18,0,0
320,40,0.5,True,5,0,8,-3
320,40,0.5,True,5,1,46,-8
320,40,0.5,True,5,2,111,-7
320,40,0.5,True,5,3,165,-8
320,40,0.5,True,5,4,115,-2
320,40,0.5,True,5,5,53,0
320,40,0.5,True,5,6,3,0
320,40,0.5,True,5,7,2,0
320,40,0.5,True,5,8,8,0
320,40,0.5,True,5,9,41,1
320,40,0.5,True,5,10,52,-2
320,40,0.5,True,5,11,28,0
320,40,0.5,True,5,12,5,0
320,40,0.5,True,5,13,0,0
320,40,0.5,True,5,14,-1,0
320,40,0.5,True,5,15,-4,0
320,40,0.5,True,5,16,-1,0
320,40,0.5,True,5,17,0,0
320,40,0.5,True,6,0,9,0
320,40,0.5,True,6,1,42,-3
320,40,0.5,True,6,2,101,-1
320,40,0.5,True,6,3,183,1
320,40,0.5,True,6,4,162,3
320,40,0.5,True,6,5,95,4
320,40,0.5,True,6,6,19,4
320,40,0.5,True,6,7,17,3
320,40,0.5,True,6,8,4,0
320,40,0.5,True,6,9,16,2
320,40,0.5,True,6,10,7,0
320,40,0.5,True,6,11,-4,1
320,40,0.5,True,6,12,-17,0
320,40,0.5,True,6,13,-10,0
320,40,0.5,True,6,14,0,0
320,40,0.5,True,6,15,0,0
320,40,0.5,True,6,16,0,0
320,40,0.5,True,7,0,18,-2
320,40,0.5,True,7,1,49,-7
320,40,0.5,True,7,2,96,-10
320,40,0.5,True,7,3,155,-7
320,40,0.5,True,7,4,129,-1
320,40,0.5,True,7,5,75,4
320,40,0.5,True,7,6,31,4
320,40,0.5,True,7,7,12,1
320,40,0.5,True,7,8,35,3
320,40,0.5,True,7,9,12,0
320,40,0.5,True,7,10,0,0
320,40,0.5,True,7,11,0,0
320,40,0.5,True,8,0,-2,1
320,40,0.5,True,8,1,0,0
320,40,0.5,True,8,2,10,-1
320,40,0.5,True,8,3,74,-10
320,40,0.5,True,8,4,117,-7
320,40,0.5,True,8,5,132,-4
320,40,0.5,True,8,6,114,-1
320,40,0.5,True,8,7,77,0
320,40,0.5,True,8,8,27,2
320,40,0.5,True,8,9,27,3
320,40,0.5,True,8,10,14,1
320,40,0.5,True,8,11,19,2
320,40,0.5,True,8,12,1,0
320,40,0.5,True,8,13,1,0
320,40,0.5,True,9,0,21,-5
320,40,0.5,True,9,1,60,-7
320,40,0.5,True,9,2,101,-3
320,40,0.5,True,9,3,145,-2
320,40,0.5,True,9,4,121,-1
320,40,0.5,True,9,5,82,1
320,40,0.5,True,9,6,46,4
320,40,0.5,True,9,7,12,1
320,40,0.5,True,9,8,13,1
320,40,0.5,True,9,9,6,0
320,40,0.5,True,9,10,0,0
320,40,0.5,True,10,0,1,0
320,40,0.5,True,10,1,25,-4
320,40,0.5,True,10,2,71,-9
320,40,0.5,True,10,3,138,-9
320,40,0.5,True,10,4,128,-3
320,40,0.5,True,10,5,110,2
320,40,0.5,True,10,6,71,3
320,40,0.5,True,10,7,29,2
320,40,0.5,True,10,8,0,1
320,40,0.5,True,10,9,0,0
320,40,0.5,True,10,10,4,0
320,40,0.5,True,10,11,21,1
320,40,0.5,True,10,12,6,0
320,40,0.5,True,10,13,0,0
320,40,0.5,True,11,0,12,-4
320,40,0.5,True,11,1,46,-7
320,40,0.5,True,11,2,83,-4
320,40,0.5,True,11,3,131,-1
320,40,0.5,True,11,4,128,1
320,40,0.5,True,11,5,119,3
320,40,0.5,True,11,6,88,7
320,40,0.5,True,11,7,32,4
320,40,0.5,True,11,8,2,1
320,40,0.5,True,11,9,0,0
320,40,0.5,True,11,10,0,0
320,40,0.5,True,11,11,0,0
320,40,0.5,True,12,0,20,-3
320,40,0.5,True,12,1,67,-6
320,40,0.5,True,12,2,108,-4
320,40,0.5,True,12,3,155,-2
320,40,0.5,True,12,4,125,1
320,40,0.5,True,12,5,89,3
320,40,0.5,True,12,6,42,3
320,40,0.5,True,12,7,3,0
320,40,0.5,True,12,8,0,0
320,40,0.5,True,12,9,0,0
320,40,0.5,True,12,10,0,0
320,40,0.5,True,12,11,0,0
160,80,0.5,True,0,0,20,-1
160,80,0.5,True,0,1,52,-5
160,80,0.5,True,0,2,71,-4
160,80,0.5,True,0,3,78,-2
160,80,0.5,True,0,4,59,-1
160,80,0.5,True,0,5,34,0
160,80,0.5,True,0,6,2,0
160,80,0.5,True,1,0,21,-2
160,80,0.5,True,1,1,54,-7
160,80,0.5,True,1,2,76,-6
160,80,0.5,True,1,3,79,-5
160,80,0.5,True,1,4,45,0
160,80,0.5,True,1,5,18,0
160,80,0.5,True,1,6,0,0
160,80,0.5,True,2,0,2,0
160,80,0.5,True,2,1,7,0
160,80,0.5,True,2,2,26,-5
160,80,0.5,True,2,3,76,-8
160,80,0.5,True,2,4,97,-3
160,80,0.5,True,2,5,88,0
160,80,0.5,True,2,6,33,1
160,80,0.5,True,3,0,22,-2
160,80,0.5,True,3,1,67,-6
160,80,0.5,True,3,2,102,-3
160,80,0.5,True,3,3,99,0
160,80,0.5,True,3,4,27,4
160,80,0.5,True,3,5,0,1
160,80,0.5,True,4,0,15,-1
160,80,0.5,True,4,1,45,-4
160,80,0.5,True,4,2,74,-3
160,80,0.5,True,4,3,74,-3
160,80,0.5,True,4,4,33,-1
160,80,0.5,True,4,5,6,-1
160,80,0.5,True,4,6,0,0
160,80,0.5,True,5,0,18,-2
160,80,0.5,True,5,1,43,-6
160,80,0.5,True,5,2,65,-4
160,80,0.5,True,5,3,68,0
160,80,0.5,True,5,4,50,0
160,80,0.5,True,5,5,19,0
160,80,0.5,True,5,6,1,0
160,80,0.5,True,6,0,13,-1
160,80,0.5,True,6,1,38,-5
160,80,0.5,True,6,2,64,-6
160,80,0.5,True,6,3,88,-5
160,80,0.5,True,6,4,69,-3
160,80,0.5,True,6,5,33,-1
160,80,0.5,True,6,6,2,0
160,80,0.5,True,6,7,0,0
160,80,0.5,True,7,0,1,0
160,80,0.5,True,7,1,2,0
160,80,0.5,True,7,2,26,-4
160,80,0.5,True,7,3,61,-7
160,80,0.5,True,7,4,67,-4
160,80,0.5,True,7,5,57,1
160,80,0.5,True,7,6,36,2
160,80,0.5,True,7,7,7,0
160,80,0.5,True,7,8,0,0
160,80,0.5,True,8,0,24,-3
160,80,0.5,True,8,1,61,-7
160,80,0.5,True,8,2,71,-4
160,80,0.5,True,8,3,56,1
160,80,0.5,True,8,4,48,2
160,80,0.5,True,8,5,20,1
160,80,0.5,True,9,0,17,-1
160,80,0.5,True,9,1,41,-3
160,80,0.5,True,9,2,56,-1
160,80,0.5,True,9,3,60,5
160,80,0.5,True,9,4,51,2
160,80,0.5,True,9,5,31,0
160,80,0.5,True,9,6,3,0
640,80,0.5,False,0,0,-32,0
640,80,0.5,False,0,1,-91,5
640,80,0.5,False,0,2,-144,8
640,80,0.5,False,0,3,-191,8
640,80,0.5,False,0,4,-171,6
640,80,0.5,False,0,5,-158,3
640,80,0.5,False,0,6,-122,-4
640,80,0.5,False,0,7,-119,-6
640,80,0.5,False,0,8,-106,-8
640,80,0.5,False,0,9,-76,-8
640,80,0.5,False,0,10,-44,-7
640,80,0.5,False,0,11,-1,0
640,80,0.5,False,1,0,-56,0
640,80,0.5,False,1,1,-154,1
640,80,0.5,False,1,2,-209,-1
640,80,0.5,False,1,3,-237,-15
640,80,0.5,False,1,4,-172,-10
640,80,0.5,False,1,5,-159,-8
640,80,0.5,False,1,6,-124,-4
640,80,0.5,False,1,7,-121,-4
640,80,0.5,False,1,8,-78,-6
640,80,0.5,False,1,9,-18,-4
640,80,0.5,False,1,10,0,0
640,80,0.5,False,2,0,-55,-1
640,80,0.5,False,2,1,-151,-4
640,80,0.5,False,2,2,-210,-6
640,80,0.5,False,2,3,-260,-19
640,80,0.5,False,2,4,-228,-30
640,80,0.5,False,2,5,-198,-34
640,80,0.5,False,2,6,-124,-23
640,80,0.5,False,2,7,-34,-6
640,80,0.5,False,2,8,1,0
640,80,0.5,False,2,9,11,2
640,80,0.5,False,2,10,0,0
640,80,0.5,False,3,0,-45,-1
640,80,0.5,False,3,1,-129,-9
640,80,0.5,False,3,2,-173,-14
640,80,0.5,False,3,3,-185,-17
640,80,0.5,False,3,4,-196,-19
640,80,0.5,False,3,5,-149,-14
640,80,0.5,False,3,6,-152,-7
640,80,0.5,False,3,7,-151,-11
640,80,0.5,False,3,8,-45,-6
640,80,0.5,False,3,9,-10,0
640,80,0.5,False,3,10,2,0
640,80,0.5,False,4,0,-63,-1
640,80,0.5,False,4,1,-158,-7
640,80,0.5,False,4,2,-207,-10
640,80,0.5,False,4,3,-233,-23
640,80,0.5,False,4,4,-191,-24
640,80,0.5,False,4,5,-150,-19
640,80,0.5,False,4,6,-104,-16
640,80,0.5,False,4,7,-75,-7
640,80,0.5,False,4,8,-26,-2
640,80,0.5,False,4,9,-13,0
640,80,0.5,False,4,10,-3,0
640,80,0.5,False,5,0,0,-1
640,80,0.5,False,5,1,0,0
640,80,0.5,False,5,2,-12,-1
640,80,0.5,False,5,3,-103,-7
640,80,0.5,False,5,4,-173,-8
640,80,0.5,False,5,5,-211,-20
640,80,0.5,False,5,6,-222,-24
640,80,0.5,False,5,7,-263,-31
640,80,0.5,False,5,8,-180,-26
640,80,0.5,False,5,9,-88,-15
640,80,0.5,False,5,10,-13,-2
640,80,0.5,False,5,11,0,0
640,80,0.5,False,6,0,-32,-2
640,80,0.5,False,6,1,-106,-7
640,80,0.5,False,6,2,-173,-14
640,80,0.5,False,6,3,-254,-26
640,80,0.5,False,6,4,-227,-22
640,80,0.5,False,6,5,-199,-21
640,80,0.5,False,6,6,-143,-21
640,80,0.5,False,6,7,-93,-14
640,80,0.5,False,6,8,-25,-4
640,80,0.5,False,7,0,-35,-4
640,80,0.5,False,7,1,-118,-11
640,80,0.5,False,7,2,-167,-14
640,80,0.5,False,7,3,-224,-25
640,80,0.5,False,7,4,-207,-29
640,80,0.5,False,7,5,-212,-27
640,80,0.5,False,7,6,-163,-27
640,80,0.5,False,7,7,-50,-11
640,80,0.5,False,7,8,-1,0
640,80,0.5,False,7,9,-3,1
640,80,0.5,False,8,0,-35,-3
640,80,0.5,False,8,1,-125,-13
640,80,0.5,False,8,2,-186,-16
640,80,0.5,False,8,3,-250,-28
640,80,0.5,False,8,4,-214,-29
640,80,0.5,False,8,5,-193,-26
640,80,0.5,False,8,6,-155,-22
640,80,0.5,False,8,7,-96,-16
640,80,0.5,False,8,8,-34,-5
640,80,0.5,False,8,9,-3,0
640,80,0.5,False,8,10,0,0
640,80,0.5,False,9,0,-39,-7
640,80,0.5,False,9,1,-120,-13
640,80,0.5,False,9,2,-185,-16
640,80,0.5,False,9,3,-252,-32
640,80,0.5,False,9,4,-215,-35
640,80,0.5,False,9,5,-208,-31
640,80,0.5,False,9,6,-181,-28
640,80,0.5,False,9,7,-123,-21
640,80,0.5,False,9,8,-43,-6
640,80,0.5,False,9,9,-4,0
640,80,0.5,False,9,10,0,0
640,80,0.5,False,10,0,0,0
640,80,0.5,False,10,1,-14,-4
640,80,0.5,False,10,2,-90,-13
640,80,0.5,False,10,3,-166,-20
640,80,0.5,False,10,4,-223,-27
640,80,0.5,False,10,5,-193,-32
640,80,0.5,False,10,6,-175,-26
640,80,0.5,False,10,7,-148,-23
640,80,0.5,False,10,8,-71,-12
640,80,0.5,False,10,9,-29,-3
640,80,0.5,False,10,10,-49,-3
640,80,0.5,False,10,11,-71,-8
640,80,0.5,False,10,12,-57,-10
640,80,0.5,False,10,13,-5,-1
1280,40,0.5,True,0,0,16,-1
1280,40,0.5,True,0,1,53,-6
1280,40,0.5,True,0,2,128,-11
1280,40,0.5,True,0,3,257,-15
1280,40,0.5,True,0,4,285,-8
1280,40,0.5,True,0,5,306,-1
1280,40,0.5,True,0,6,308,0
1280,40,0.5,True,0,7,348,1
1280,40,0.5,True,0,8,260,0
1280,40,0.5,True,0,9,197,-5
1280,40,0.5,True,0,10,149,-5
1280,40,0.5,True,0,11,81,-7
1280,40,0.5,True,0,12,57,-2
1280,40,0.5,True,0,13,14,0
1280,40,0.5,True,0,14,-3,0
1280,40,0.5,True,0,15,0,0
1280,40,0.5,True,0,16,4,0
1280,40,0.5,True,0,17,18,1
1280,40,0.5,True,0,18,21,1
1280,40,0.5,True,0,19,10,1
1280,40,0.5,True,0,20,10,0
1280,40,0.5,True,0,21,1,0
1280,40,0.5,True,1,0,28,-3
1280,40,0.5,True,1,1,104,-9
1280,40,0.5,True,1,2,201,-11
1280,40,0.5,True,1,3,324,-5
1280,40,0.5,True,1,4,321,2
1280,40,0.5,True,1,5,346,1
1280,40,0.5,True,1,6,351,0
1280,40,0.5,True,1,7,396,1
1280,40,0.5,True,1,8,281,3
1280,40,0.5,True,1,9,195,0
1280,40,0.5,True,1,10,116,0
1280,40,0.5,True,1,11,50,-1
1280,40,0.5,True,1,12,-3,-1
1280,40,0.5,True,1,13,-4,0
1280,40,0.5,True,1,14,-45,-3
1280,40,0.5,True,1,15,-46,-1
1280,40,0.5,True,1,16,-25,-3
1280,40,0.5,True,1,17,-11,-1
1280,40,0.5,True,1,18,-18,0
1280,40,0.5,True,1,19,-21,-1
1280,40,0.5,True,1,20,-6,0
1280,40,0.5,True,1,21,0,0
1280,40,0.5,True,1,22,0,0
1280,40,0.5,True,2,0,12,1
1280,40,0.5,True,2,1,52,-5
1280,40,0.5,True,2,2,125,-10
1280,40,0.5,True,2,3,233,-12
1280,40,0.5,True,2,4,256,-6
1280,40,0.5,True,2,5,284,-5
1280,40,0.5,True,2,6,290,-2
1280,40,0.5,True,2,7,332,1
1280,40,0.5,True,2,8,257,3
1280,40,0.5,True,2,9,223,2
1280,40,0.5,True,2,10,199,0
1280,40,0.5,True,2,11,88,-1
1280,40,0.5,True,2,12,44,1
1280,40,0.5,True,2,13,5,0
1280,40,0.5,True,2,14,18,1
1280,40,0.5,True,2,15,21,0
1280,40,0.5,True,2,16,8,0
1280,40,0.5,True,2,17,25,0
1280,40,0.5,True,2,18,26,0
1280,40,0.5,True,2,19,9,0
1280,40,0.5,True,2,20,2,0
1280,40,0.5,True,2,21,6,0
1280,40,0.5,True,2,22,0,0
1280,40,0.5,True,3,0,15,1
1280,40,0.5,True,3,1,62,1
1280,40,0.5,True,3,2,133,5
1280,40,0.5,True,3,3,243,13
1280,40,0.5,True,3,4,251,12
1280,40,0.5,True,3,5,256,9
1280,40,0.5,True,3,6,266,7
1280,40,0.5,True,3,7,291,1
1280,40,0.5,True,3,8,197,-5
1280,40,0.5,True,3,9,154,-8
1280,40,0.5,True,3,10,125,-10
1280,40,0.5,True,3,11,111,-12
1280,40,0.5,True,3,12,83,-11
1280,40,0.5,True,3,13,46,-6
1280,40,0.5,True,3,14,13,-1
1280,40,0.5,True,3,15,10,-3
1280,40,0.5,True,3,16,28,-2
1280,40,0.5,True,3,17,45,-4
1280,40,0.5,True,3,18,39,-5
1280,40,0.5,True,3,19,31,-2
1280,40,0.5,True,3,20,36,-3
1280,40,0.5,True,3,21,46,-5
1280,40,0.5,True,3,22,35,-4
1280,40,0.5,True,3,23,17,0
1280,40,0.5,True,3,24,3,-1
1280,40,0.5,True,3,25,0,0
1280,40,0.5,True,4,0,28,-4
1280,40,0.5,True,4,1,107,-7
1280,40,0.5,True,4,2,208,-6
1280,40,0.5,True,4,3,289,0
1280,40,0.5,True,4,4,403,6
1280,40,0.5,True,4,5,368,10
1280,40,0.5,True,4,6,340,9
1280,40,0.5,True,4,7,319,8
1280,40,0.5,True,4,8,195,1
1280,40,0.5,True,4,9,123,-3
1280,40,0.5,True,4,10,73,-3
1280,40,0.5,True,4,11,44,-7
1280,40,0.5,True,4,12,1,0
1280,40,0.5,True,4,13,3,0
1280,40,0.5,True,4,14,0,0
1280,40,0.5,True,4,15,0,0
1280,40,0.5,True,5,0,10,0
1280,40,0.5,True,5,1,36,-4
1280,40,0.5,True,5,2,105,-9
1280,40,0.5,True,5,3,240,-14
1280,40,0.5,True,5,4,285,-10
1280,40,0.5,True,5,5,335,-10
1280,40,0.5,True,5,6,367,-11
1280,40,0.5,True,5,7,419,-7
1280,40,0.5,True,5,8,305,-6
1280,40,0.5,True,5,9,229,-3
1280,40,0.5,True,5,10,167,0
1280,40,0.5,True,5,11,114,-5
1280,40,0.5,True,5,12,19,-1
1280,40,0.5,True,5,13,0,0
1280,40,0.5,True,5,14,-1,0
1280,40,0.5,True,5,15,0,0
1280,40,0.5,True,5,16,-12,0
1280,40,0.5,True,5,17,-25,4
1280,40,0.5,True,5,18,-24,2
1280,40,0.5,True,5,19,-19,2
1280,40,0.5,True,5,20,-11,1
1280,40,0.5,True,5,21,-3,0
1280,40,0.5,True,5,22,-3,0
1280,40,0.5,True,6,0,1,0
1280,40,0.5,True,6,1,8,0
1280,40,0.5,True,6,2,53,-5
1280,40,0.5,True,6,3,156,-15
1280,40,0.5,True,6,4,227,-16
1280,40,0.5,True,6,5,290,-19
1280,40,0.5,True,6,6,317,-20
1280,40,0.5,True,6,7,355,-24
1280,40,0.5,True,6,8,264,-16
1280,40,0.5,True,6,9,218,-12
1280,40,0.5,True,6,10,196,-11
1280,40,0.5,True,6,11,125,-7
1280,40,0.5,True,6,12,101,-7
1280,40,0.5,True,6,13,67,1
1280,40,0.5,True,6,14,51,3
1280,40,0.5,True,6,15,2,0
1280,40,0.5,True,6,16,0,0
1280,40,0.5,True,6,17,3,1
1280,40,0.5,True,6,18,25,2
1280,40,0.5,True,6,19,36,0
1280,40,0.5,True,6,20,40,0
1280,40,0.5,True,6,21,20,0
1280,40,0.5,True,6,22,0,0
1280,40,0.5,True,7,0,-3,2
1280,40,0.5,True,7,1,0,1
1280,40,0.5,True,7,2,4,0
1280,40,0.5,True,7,3,51,-7
1280,40,0.5,True,7,4,137,-7
1280,40,0.5,True,7,5,224,-6
1280,40,0.5,True,7,6,290,-8
1280,40,0.5,True,7,7,365,-4
1280,40,0.5,True,7,8,304,2
1280,40,0.5,True,7,9,284,7
1280,40,0.5,True,7,10,251,6
1280,40,0.5,True,7,11,246,2
1280,40,0.5,True,7,12,176,1
1280,40,0.5,True,7,13,143,1
1280,40,0.5,True,7,14,82,5
1280,40,0.5,True,7,15,5,0
1280,40,0.5,True,8,0,28,-2
1280,40,0.5,True,8,1,99,-4
1280,40,0.5,True,8,2,180,-8
1280,40,0.5,True,8,3,244,-4
1280,40,0.5,True,8,4,338,2
1280,40,0.5,True,8,5,314,4
1280,40,0.5,True,8,6,310,11
1280,40,0.5,True,8,7,321,17
1280,40,0.5,True,8,8,235,14
1280,40,0.5,True,8,9,193,10
1280,40,0.5,True,8,10,139,2
1280,40,0.5,True,8,11,104,1
1280,40,0.5,True,8,12,28,0
1280,40,0.5,True,8,13,4,0
1280,40,0.5,True,8,14,0,0
1280,40,0.5,True,8,15,0,0
1280,40,0.5,True,8,16,0,0
1280,40,0.5,True,9,0,15,-3
1280,40,0.5,True,9,1,52,-8
1280,40,0.5,True,9,2,107,-12
1280,40,0.5,True,9,3,204,-17
1280,40,0.5,True,9,4,238,-12
1280,40,0.5,True,9,5,280,-6
1280,40,0.5,True,9,6,297,-4
1280,40,0.5,True,9,7,349,5
1280,40,0.5,True,9,8,275,7
1280,40,0.5,True,9,9,229,4
1280,40,0.5,True,9,10,202,1
1280,40,0.5,True,9,11,110,0
1280,40,0.5,True,9,12,65,-1
1280,40,0.5,True,9,13,43,-3
1280,40,0.5,True,9,14,39,-4
1280,40,0.5,True,9,15,9,0
1280,40,0.5,True,9,16,0,0
1280,40,0.5,True,9,17,0,0
1280,40,0.5,True,9,18,0,0
160,40,0.5,True,0,0,12,-5
160,40,0.5,True,0,1,42,-6
160,40,0.5,True,0,2,63,-4
160,40,0.5,True,0,3,64,-2
160,40,0.5,True,0,4,40,2
160,40,0.5,True,0,5,34,5
160,40,0.5,True,0,6,27,3
160,40,0.5,True,0,7,20,0
160,40,0.5,True,0,8,9,0
160,40,0.5,True,0,9,1,0
160,40,0.5,True,1,0,17,-1
160,40,0.5,True,1,1,42,-1
160,40,0.5,True,1,2,63,0
160,40,0.5,True,1,3,72,1
160,40,0.5,True,1,4,52,2
160,40,0.5,True,1,5,26,2
160,40,0.5,True,1,6,9,1
160,40,0.5,True,1,7,8,1
160,40,0.5,True,2,0,5,0
160,40,0.5,True,2,1,25,-2
160,40,0.5,True,2,2,58,-5
160,40,0.5,True,2,3,76,-2
160,40,0.5,True,2,4,49,6
160,40,0.5,True,2,5,35,4
160,40,0.5,True,2,6,24,3
160,40,0.5,True,2,7,9,1
160,40,0.5,True,2,8,0,0
160,40,0.5,True,3,0,15,-2
160,40,0.5,True,3,1,41,-4
160,40,0.5,True,3,2,65,-2
160,40,0.5,True,3,3,80,0
160,40,0.5,True,3,4,57,1
160,40,0.5,True,3,5,33,3
160,40,0.5,True,3,6,13,2
160,40,0.5,True,4,0,25,-2
160,40,0.5,True,4,1,65,-4
160,40,0.5,True,4,2,75,0
160,40,0.5,True,4,3,51,2
160,40,0.5,True,4,4,19,2
160,40,0.5,True,4,5,5,1
160,40,0.5,True,5,0,31,-3
160,40,0.5,True,5,1,67,-8
160,40,0.5,True,5,2,78,-2
160,40,0.5,True,5,3,71,0
160,40,0.5,True,5,4,38,2
160,40,0.5,True,5,5,28,2
160,40,0.5,True,5,6,13,0
160,40,0.5,True,5,7,13,2
160,40,0.5,True,6,0,20,-2
160,40,0.5,True,6,1,50,-4
160,40,0.5,True,6,2,65,-2
160,40,0.5,True,6,3,68,1
160,40,0.5,True,6,4,42,3
160,40,0.5,True,6,5,28,3
160,40,0.5,True,6,6,16,1
160,40,0.5,True,6,7,15,0
160,40,0.5,True,6,8,2,0
160,40,0.5,True,7,0,24,-5
160,40,0.5,True,7,1,55,-5
160,40,0.5,True,7,2,68,-3
160,40,0.5,True,7,3,66,1
160,40,0.5,True,7,4,38,3
160,40,0.5,True,7,5,21,2
160,40,0.5,True,7,6,16,1
160,40,0.5,True,7,7,14,1
160,40,0.5,True,7,8,0,0
160,40,0.5,True,8,0,23,-3
160,40,0.5,True,8,1,51,-2
160,40,0.5,True,8,2,67,-2
160,40,0.5,True,8,3,66,0
160,40,0.5,True,8,4,42,1
160,40,0.5,True,8,5,16,0
160,40,0.5,True,8,6,3,1
160,40,0.5,True,8,7,3,0
160,40,0.5,True,8,8,0,0
160,40,0.5,True,9,0,18,-2
160,40,0.5,True,9,1,46,-5
160,40,0.5,True,9,2,66,-5
160,40,0.5,True,9,3,78,-2
160,40,0.5,True,9,4,49,1
160,40,0.5,True,9,5,26,1
160,40,0.5,True,9,6,11,1
160,40,0.5,True,9,7,5,0
160,40,0.5,True,10,0,13,-1
160,40,0.5,True,10,1,33,-3
160,40,0.5,True,10,2,48,-2
160,40,0.5,True,10,3,63,-3
160,40,0.5,True,10,4,61,-1
160,40,0.5,True,10,5,54,-1
160,40,0.5,True,10,6,17,0
160,40,0.5,True,10,7,0,0
160,40,0.5,True,10,8,0,0
160,80,0.5,False,0,0,-27,-1
160,80,0.5,False,0,1,-43,-1
160,80,0.5,False,0,2,-69,-3
160,80,0.5,False,0,3,-73,4
160,80,0.5,False,0,4,-28,4
160,80,0.5,False,0,5,-4,2
160,80,0.5,False,1,0,-30,-3
160,80,0.5,False,1,1,-71,0
160,80,0.5,False,1,2,-72,0
160,80,0.5,False,1,3,-69,0
160,80,0.5,False,1,4,-31,1
160,80,0.5,False,1,5,-21,-1
160,80,0.5,False,1,6,-10,0
160,80,0.5,False,2,0,-47,-3
160,80,0.5,False,2,1,-91,-1
160,80,0.5,False,2,2,-82,-1
160,80,0.5,False,2,3,-65,0
160,80,0.5,False,2,4,-12,1
160,80,0.5,False,2,5,0,0
160,80,0.5,False,3,0,-35,-2
160,80,0.5,False,3,1,-73,1
160,80,0.5,False,3,2,-77,5
160,80,0.5,False,3,3,-49,2
160,80,0.5,False,3,4,-13,0
160,80,0.5,False,3,5,-13,1
160,80,0.5,False,3,6,-15,0
160,80,0.5,False,4,0,2,0
160,80,0.5,False,4,1,-29,-3
160,80,0.5,False,4,2,-78,1
160,80,0.5,False,4,3,-106,9
160,80,0.5,False,4,4,-49,4
160,80,0.5,False,4,5,-12,0
160,80,0.5,False,4,6,-14,1
160,80,0.5,False,4,7,-18,0
160,80,0.5,False,5,0,-49,-1
160,80,0.5,False,5,1,-90,1
160,80,0.5,False,5,2,-83,0
160,80,0.5,False,5,3,-72,0
160,80,0.5,False,5,4,-15,1
160,80,0.5,False,5,5,0,0
160,80,0.5,False,6,0,-21,-1
160,80,0.5,False,6,1,-75,-2
160,80,0.5,False,6,2,-94,-1
160,80,0.5,False,6,3,-81,-2
160,80,0.5,False,6,4,-28,1
160,80,0.5,False,6,5,-2,0
160,80,0.5,False,7,0,-40,-1
160,80,0.5,False,7,1,-63,1
160,80,0.5,False,7,2,-62,-1
160,80,0.5,False,7,3,-53,0
160,80,0.5,False,7,4,-18,1
160,80,0.5,False,7,5,-14,-1
160,80,0.5,False,7,6,-21,0
160,80,0.5,False,7,7,-6,0
160,80,0.5,False,8,0,-27,-4
160,80,0.5,False,8,1,-63,-2
160,80,0.5,False,8,2,-87,-3
160,80,0.5,False,8,3,-65,0
160,80,0.5,False,8,4,-20,0
160,80,0.5,False,8,5,-20,0
160,80,0.5,False,8,6,-26,1
160,80,0.5,False,8,7,-8,0
160,80,0.5,False,9,0,-36,-3
160,80,0.5,False,9,1,-76,0
160,80,0.5,False,9,2,-75,2
160,80,0.5,False,9,3,-68,-1
160,80,0.5,False,9,4,-17,1
160,80,0.5,False,9,5,-8,0
160,80,0.5,False,9,6,-3,0
160,80,0.5,False,10,0,0,0
160,80,0.5,False,10,1,0,0
160,80,0.5,False,10,2,-10,0
160,80,0.5,False,10,3,-60,0
160,80,0.5,False,10,4,-70,-2
160,80,0.5,False,10,5,-57,0
160,80,0.5,False,10,6,-26,0
160,80,0.5,False,10,7,-25,-1
160,80,0.5,False,10,8,-17,0
160,80,0.5,False,10,9,-11,0
160,160,0.5,False,0,0,-37,-2
160,160,0.5,False,0,1,-90,-1
160,160,0.5,False,0,2,-98,1
160,160,0.5,False,0,3,-55,-1
160,160,0.5,False,0,4,-2,0
160,160,0.5,False,1,0,-50,-4
160,160,0.5,False,1,1,-94,4
160,160,0.5,False,1,2,-95,3
160,160,0.5,False,1,3,-56,0
160,160,0.5,False,1,4,-2,0
160,160,0.5,False,2,0,-50,-3
160,160,0.5,False,2,1,-100,0
160,160,0.5,False,2,2,-86,0
160,160,0.5,False,2,3,-15,0
160,160,0.5,False,3,0,-45,-6
160,160,0.5,False,3,1,-100,-4
160,160,0.5,False,3,2,-75,2
160,160,0.5,False,3,3,-34,-2
160,160,0.5,False,3,4,0,0
160,160,0.5,False,4,0,0,0
160,160,0.5,False,4,1,0,0
160,160,0.5,False,4,2,-13,0
160,160,0.5,False,4,3,-91,0
160,160,0.5,False,4,4,-99,-1
160,160,0.5,False,4,5,-66,-4
160,160,0.5,False,4,6,-29,-2
160,160,0.5,False,4,7,0,0
160,160,0.5,False,5,0,1,0
160,160,0.5,False,5,1,0,0
160,160,0.5,False,5,2,-8,-1
160,160,0.5,False,5,3,-85,-2
160,160,0.5,False,5,4,-111,1
160,160,0.5,False,5,5,-67,0
160,160,0.5,False,5,6,-3,0
160,160,0.5,False,6,0,-6,0
160,160,0.5,False,6,1,-78,-6
160,160,0.5,False,6,2,-126,-2
160,160,0.5,False,6,3,-74,-2
160,160,0.5,False,6,4,-3,0
160,160,0.5,False,6,5,0,0
160,160,0.5,False,7,0,-30,0
160,160,0.5,False,7,1,-80,-1
160,160,0.5,False,7,2,-73,3
160,160,0.5,False,7,3,-36,0
160,160,0.5,False,7,4,0,0
160,160,0.5,False,8,0,-42,-5
160,160,0.5,False,8,1,-85,-1
160,160,0.5,False,8,2,-68,3
160,160,0.5,False,8,3,-22,2
160,160,0.5,False,9,0,-47,-3
160,160,0.5,False,9,1,-87,1
160,160,0.5,False,9,2,-81,7
160,160,0.5,False,9,3,-32,3
640,80,0.5,True,0,0,22,-5
640,80,0.5,True,0,1,76,-10
640,80,0.5,True,0,2,147,-13
640,80,0.5,True,0,3,257,-23
640,80,0.5,True,0,4,264,-24
640,80,0.5,True,0,5,242,-19
640,80,0.5,True,0,6,171,-3
640,80,0.5,True,0,7,87,3
640,80,0.5,True,0,8,1,1
640,80,0.5,True,0,9,1,1
640,80,0.5,True,0,10,1,0
640,80,0.5,True,1,0,4,0
640,80,0.5,True,1,1,17,-1
640,80,0.5,True,1,2,72,-4
640,80,0.5,True,1,3,190,-9
640,80,0.5,True,1,4,217,-11
640,80,0.5,True,1,5,229,-17
640,80,0.5,True,1,6,197,-19
640,80,0.5,True,1,7,146,-12
640,80,0.5,True,1,8,37,-2
640,80,0.5,True,1,9,2,0
640,80,0.5,True,1,10,0,0
640,80,0.5,True,2,0,48,-10
640,80,0.5,True,2,1,134,-23
640,80,0.5,True,2,2,202,-32
640,80,0.5,True,2,3,260,-23
640,80,0.5,True,2,4,213,-1
640,80,0.5,True,2,5,177,0
640,80,0.5,True,2,6,128,0
640,80,0.5,True,2,7,89,0
640,80,0.5,True,2,8,52,-5
640,80,0.5,True,2,9,2,-1
640,80,0.5,True,2,10,-2,1
640,80,0.5,True,3,0,7,-2
640,80,0.5,True,3,1,40,-8
640,80,0.5,True,3,2,115,-10
640,80,0.5,True,3,3,237,-14
640,80,0.5,True,3,4,237,-8
640,80,0.5,True,3,5,222,2
640,80,0.5,True,3,6,163,10
640,80,0.5,True,3,7,104,15
640,80,0.5,True,3,8,33,7
640,80,0.5,True,3,9,19,1
640,80,0.5,True,3,10,30,0
640,80,0.5,True,3,11,40,1
640,80,0.5,True,3,12,1,0
640,80,0.5,True,4,0,26,-5
640,80,0.5,True,4,1,83,-10
640,80,0.5,True,4,2,162,-13
640,80,0.5,True,4,3,261,-16
640,80,0.5,True,4,4,261,-6
640,80,0.5,True,4,5,247,1
640,80,0.5,True,4,6,192,7
640,80,0.5,True,4,7,136,11
640,80,0.5,True,4,8,40,4
640,80,0.5,True,4,9,5,0
640,80,0.5,True,4,10,0,0
640,80,0.5,True,4,11,0,0
640,80,0.5,True,5,0,9,-6
640,80,0.5,True,5,1,36,-7
640,80,0.5,True,5,2,109,-15
640,80,0.5,True,5,3,227,-22
640,80,0.5,True,5,4,243,-10
640,80,0.5,True,5,5,247,2
640,80,0.5,True,5,6,221,7
640,80,0.5,True,5,7,185,3
640,80,0.5,True,5,8,85,2
640,80,0.5,True,5,9,37,0
640,80,0.5,True,5,10,-2,0
640,80,0.5,True,5,11,-5,0
640,80,0.5,True,5,12,-30,0
640,80,0.5,True,5,13,-45,2
640,80,0.5,True,5,14,-33,1
640,80,0.5,True,5,15,-27,0
640,80,0.5,True,5,16,-2,0
640,80,0.5,True,5,17,0,0
640,80,0.5,True,6,0,22,-1
640,80,0.5,True,6,1,92,1
640,80,0.5,True,6,2,145,5
640,80,0.5,True,6,3,183,14
640,80,0.5,True,6,4,145,15
640,80,0.5,True,6,5,152,16
640,80,0.5,True,6,6,132,8
640,80,0.5,True,6,7,115,4
640,80,0.5,True,6,8,72,1
640,80,0.5,True,6,9,64,-3
640,80,0.5,True,6,10,44,-2
640,80,0.5,True,6,11,21,0
640,80,0.5,True,6,12,3,0
640,80,0.5,True,6,13,7,0
640,80,0.5,True,6,14,18,0
640,80,0.5,True,6,15,3,0
640,80,0.5,True,7,0,1,-3
640,80,0.5,True,7,1,20,-4
640,80,0.5,True,7,2,107,-7
640,80,0.5,True,7,3,242,-3
640,80,0.5,True,7,4,245,0
640,80,0.5,True,7,5,238,11
640,80,0.5,True,7,6,190,14
640,80,0.5,True,7,7,150,13
640,80,0.5,True,7,8,20,1
640,80,0.5,True,7,9,-8,1
640,80,0.5,True,7,10,-8,0
640,80,0.5,True,7,11,-1,0
640,80,0.5,True,7,12,0,0
640,80,0.5,True,7,13,0,0
640,80,0.5,True,8,0,28,-6
640,80,0.5,True,8,1,118,-11
640,80,0.5,True,8,2,198,-8
640,80,0.5,True,8,3,274,-2
640,80,0.5,True,8,4,217,1
640,80,0.5,True,8,5,163,9
640,80,0.5,True,8,6,102,13
640,80,0.5,True,8,7,48,9
640,80,0.5,True,8,8,6,2
640,80,0.5,True,8,9,5,1
640,80,0.5,True,9,0,17,-6
640,80,0.5,True,9,1,91,-10
640,80,0.5,True,9,2,178,-14
640,80,0.5,True,9,3,297,-12
640,80,0.5,True,9,4,285,-7
640,80,0.5,True,9,5,237,-2
640,80,0.5,True,9,6,145,11
640,80,0.5,True,9,7,62,17
640,80,0.5,True,9,8,16,3
640,80,0.5,True,9,9,0,0
640,80,0.5,True,9,10,0,0
640,80,0.5,True,9,11,0,0
640,80,0.5,True,10,0,-8,-1
640,80,0.5,True,10,1,0,0
640,80,0.5,True,10,2,9,-3
640,80,0.5,True,10,3,62,-8
640,80,0.5,True,10,4,174,-16
640,80,0.5,True,10,5,208,-21
640,80,0.5,True,10,6,226,-19
640,80,0.5,True,10,7,233,-9
640,80,0.5,True,10,8,141,1
640,80,0.5,True,10,9,93,9
640,80,0.5,True,10,10,49,4
640,80,0.5,True,10,11,11,3
640,80,0.5,True,10,12,12,2
640,80,0.5,True,10,13,3,0
640,80,0.5,True,10,14,23,4
640,80,0.5,True,10,15,2,0
640,80,0.5,True,11,0,46,-4
640,80,0.5,True,11,1,144,-10
640,80,0.5,True,11,2,202,-13
640,80,0.5,True,11,3,257,-25
640,80,0.5,True,11,4,198,-15
640,80,0.5,True,11,5,137,-5
640,80,0.5,True,11,6,69,2
640,80,0.5,True,11,7,32,3
640,80,0.5,True,11,8,30,1
640,80,0.5,True,11,9,42,1
640,80,0.5,True,11,10,11,-2
640,80,0.5,True,11,11,22,0
640,80,0.5,True,11,12,31,0
640,80,0.5,True,11,13,16,-1
640,80,0.5,True,11,14,0,0
640,80,0.5,True,12,0,31,-4
640,80,0.5,True,12,1,123,-7
640,80,0.5,True,12,2,205,-9
640,80,0.5,True,12,3,262,-17
640,80,0.5,True,12,4,200,-13
640,80,0.5,True,12,5,136,-10
640,80,0.5,True,12,6,52,1
640,80,0.5,True,12,7,19,3
640,80,0.5,True,12,8,14,1
640,80,0.5,True,12,9,49,2
640,80,0.5,True,12,10,55,0
640,80,0.5,True,12,11,54,-1
640,80,0.5,True,12,12,50,-3
640,80,0.5,True,12,13,26,-2
640,80,0.5,True,12,14,0,0
1280,80,0.5,True,0,0,9,-3
1280,80,0.5,True,0,1,27,-3
1280,80,0.5,True,0,2,75,-8
1280,80,0.5,True,0,3,203,-17
1280,80,0.5,True,0,4,276,-19
1280,80,0.5,True,0,5,346,-22
1280,80,0.5,True,0,6,379,-17
1280,80,0.5,True,0,7,426,-20
1280,80,0.5,True,0,8,328,-17
1280,80,0.5,True,0,9,283,-16
1280,80,0.5,True,0,10,226,-14
1280,80,0.5,True,0,11,184,-13
1280,80,0.5,True,0,12,72,-4
1280,80,0.5,True,0,13,4,0
1280,80,0.5,True,0,14,0,0
1280,80,0.5,True,0,15,-47,1
1280,80,0.5,True,0,16,-86,3
1280,80,0.5,True,0,17,-71,6
1280,80,0.5,True,0,18,-56,6
1280,80,0.5,True,0,19,-11,1
1280,80,0.5,True,0,20,-17,0
1280,80,0.5,True,0,21,-5,0
1280,80,0.5,True,1,0,0,0
1280,80,0.5,True,1,1,0,0
1280,80,0.5,True,1,2,4,-1
1280,80,0.5,True,1,3,62,-10
1280,80,0.5,True,1,4,135,-18
1280,80,0.5,True,1,5,218,-22
1280,80,0.5,True,1,6,295,-20
1280,80,0.5,True,1,7,397,-23
1280,80,0.5,True,1,8,349,-14
1280,80,0.5,True,1,9,328,-13
1280,80,0.5,True,1,10,267,-5
1280,80,0.5,True,1,11,178,1
1280,80,0.5,True,1,12,67,3
1280,80,0.5,True,1,13,34,-1
1280,80,0.5,True,1,14,41,-1
1280,80,0.5,True,1,15,41,0
1280,80,0.5,True,1,16,33,1
1280,80,0.5,True,1,17,39,3
1280,80,0.5,True,1,18,31,3
1280,80,0.5,True,1,19,3,0
1280,80,0.5,True,2,0,4,1
1280,80,0.5,True,2,1,59,-5
1280,80,0.5,True,2,2,148,-8
1280,80,0.5,True,2,3,249,-9
1280,80,0.5,True,2,4,266,-18
1280,80,0.5,True,2,5,299,-24
1280,80,0.5,True,2,6,315,-28
1280,80,0.5,True,2,7,351,-40
1280,80,0.5,True,2,8,253,-31
1280,80,0.5,True,2,9,174,-17
1280,80,0.5,True,2,10,112,-4
1280,80,0.5,True,2,11,92,0
1280,80,0.5,True,2,12,63,0
1280,80,0.5,True,2,13,69,0
1280,80,0.5,True,2,14,61,0
1280,80,0.5,True,2,15,2,0
1280,80,0.5,True,3,0,0,2
1280,80,0.5,True,3,1,0,0
1280,80,0.5,True,3,2,27,-6
1280,80,0.5,True,3,3,121,-18
1280,80,0.5,True,3,4,190,-19
1280,80,0.5,True,3,5,249,-28
1280,80,0.5,True,3,6,290,-33
1280,80,0.5,True,3,7,346,-35
1280,80,0.5,True,3,8,285,-29
1280,80,0.5,True,3,9,251,-29
1280,80,0.5,True,3,10,248,-27
1280,80,0.5,True,3,11,178,-16
1280,80,0.5,True,3,12,127,-9
1280,80,0.5,True,3,13,85,-2
1280,80,0.5,True,3,14,35,0
1280,80,0.5,True,3,15,24,2
1280,80,0.5,True,3,16,2,1
1280,80,0.5,True,4,0,0,1
1280,80,0.5,True,4,1,0,0
1280,80,0.5,True,4,2,49,-6
1280,80,0.5,True,4,3,164,-16
1280,80,0.5,True,4,4,220,-19
1280,80,0.5,True,4,5,275,-24
1280,80,0.5,True,4,6,301,-25
1280,80,0.5,True,4,7,357,-29
1280,80,0.5,True,4,8,284,-23
1280,80,0.5,True,4,9,233,-17
1280,80,0.5,True,4,10,176,-5
1280,80,0.5,True,4,11,153,-7
1280,80,0.5,True,4,12,101,-6
1280,80,0.5,True,4,13,76,-5
1280,80,0.5,True,4,14,48,-1
1280,80,0.5,True,4,15,27,0
1280,80,0.5,True,4,16,15,1
1280,80,0.5,True,4,17,26,2
1280,80,0.5,True,4,18,12,1
1280,80,0.5,True,4,19,4,0
1280,80,0.5,True,5,0,40,-9
1280,80,0.5,True,5,1,122,-13
1280,80,0.5,True,5,2,207,-13
1280,80,0.5,True,5,3,322,-16
1280,80,0.5,True,5,4,326,-19
1280,80,0.5,True,5,5,330,-17
1280,80,0.5,True,5,6,313,-17
1280,80,0.5,True,5,7,301,-16
1280,80,0.5,True,5,8,195,-8
1280,80,0.5,True,5,9,127,-1
1280,80,0.5,True,5,10,72,1
1280,80,0.5,True,5,11,57,1
1280,80,0.5,True,5,12,52,2
1280,80,0.5,True,5,13,61,0
1280,80,0.5,True,5,14,32,2
1280,80,0.5,True,5,15,0,1
1280,80,0.5,True,6,0,21,-11
1280,80,0.5,True,6,1,103,-13
1280,80,0.5,True,6,2,199,-18
1280,80,0.5,True,6,3,342,-32
1280,80,0.5,True,6,4,343,-38
1280,80,0.5,True,6,5,338,-42
1280,80,0.5,True,6,6,324,-35
1280,80,0.5,True,6,7,217,-18
1280,80,0.5,True,6,8,171,-13
1280,80,0.5,True,6,9,141,-14
1280,80,0.5,True,6,10,80,-10
1280,80,0.5,True,6,11,17,0
1280,80,0.5,True,6,12,28,3
1280,80,0.5,True,6,13,17,0
1280,80,0.5,True,6,14,49,0
1280,80,0.5,True,6,15,38,-3
1280,80,0.5,True,6,16,26,0
1280,80,0.5,True,6,17,1,0
1280,80,0.5,True,7,0,40,-6
1280,80,0.5,True,7,1,155,-15
1280,80,0.5,True,7,2,261,-29
1280,80,0.5,True,7,3,316,-36
1280,80,0.5,True,7,4,405,-42
1280,80,0.5,True,7,5,329,-29
1280,80,0.5,True,7,6,257,-21
1280,80,0.5,True,7,7,200,-16
1280,80,0.5,True,7,8,118,-9
1280,80,0.5,True,7,9,122,-4
1280,80,0.5,True,7,10,98,-9
1280,80,0.5,True,7,11,73,-1
1280,80,0.5,True,7,12,74,-1
1280,80,0.5,True,7,13,59,-2
1280,80,0.5,True,7,14,48,-1
1280,80,0.5,True,7,15,5,0
1280,80,0.5,True,8,0,43,-9
1280,80,0.5,True,8,1,138,-17
1280,80,0.5,True,8,2,235,-27
1280,80,0.5,True,8,3,360,-39
1280,80,0.5,True,8,4,348,-37
1280,80,0.5,True,8,5,345,-33
1280,80,0.5,True,8,6,337,-24
1280,80,0.5,True,8,7,318,-15
1280,80,0.5,True,8,8,182,-9
1280,80,0.5,True,8,9,102,-2
1280,80,0.5,True,8,10,48,0
1280,80,0.5,True,8,11,12,1
1280,80,0.5,True,8,12,40,1
1280,80,0.5,True,8,13,24,-1
1280,80,0.5,True,8,14,0,0
1280,80,0.5,True,9,0,20,-6
1280,80,0.5,True,9,1,89,-14
1280,80,0.5,True,9,2,191,-23
1280,80,0.5,True,9,3,323,-36
1280,80,0.5,True,9,4,328,-37
1280,80,0.5,True,9,5,341,-40
1280,80,0.5,True,9,6,341,-34
1280,80,0.5,True,9,7,363,-30
1280,80,0.5,True,9,8,274,-17
1280,80,0.5,True,9,9,213,-17
1280,80,0.5,True,9,10,149,-8
1280,80,0.5,True,9,11,33,0
1280,80,0.5,True,9,12,0,0
1280,80,0.5,True,9,13,-10,0
1280,80,0.5,True,9,14,-25,0
1280,80,0.5,True,9,15,-55,0
1280,80,0.5,True,9,16,-29,4
1280,80,0.5,True,9,17,-1,0
320,80,0.5,False,0,0,-33,-3
320,80,0.5,False,0,1,-103,-6
320,80,0.5,False,0,2,-141,-4
320,80,0.5,False,0,3,-133,1
320,80,0.5,False,0,4,-74,0
320,80,0.5,False,0,5,-64,1
320,80,0.5,False,0,6,-63,0
320,80,0.5,False,0,7,-44,-4
320,80,0.5,False,0,8,-1,0
320,80,0.5,False,1,0,-38,-3
320,80,0.5,False,1,1,-107,-3
320,80,0.5,False,1,2,-127,-2
320,80,0.5,False,1,3,-141,-5
320,80,0.5,False,1,4,-87,-2
320,80,0.5,False,1,5,-45,-1
320,80,0.5,False,1,6,-21,0
320,80,0.5,False,1,7,-52,-5
320,80,0.5,False,1,8,-12,0
320,80,0.5,False,2,0,-49,-1
320,80,0.5,False,2,1,-117,-1
320,80,0.5,False,2,2,-141,-1
320,80,0.5,False,2,3,-145,-4
320,80,0.5,False,2,4,-88,-1
320,80,0.5,False,2,5,-54,2
320,80,0.5,False,2,6,-38,1
320,80,0.5,False,2,7,-33,1
320,80,0.5,False,2,8,0,0
320,80,0.5,False,3,0,-38,-3
320,80,0.5,False,3,1,-91,-1
320,80,0.5,False,3,2,-112,-1
320,80,0.5,False,3,3,-92,-1
320,80,0.5,False,3,4,-97,-5
320,80,0.5,False,3,5,-66,-3
320,80,0.5,False,3,6,-52,-4
320,80,0.5,False,3,7,-66,-4
320,80,0.5,False,3,8,-3,2
320,80,0.5,False,4,0,-30,-3
320,80,0.5,False,4,1,-62,-5
320,80,0.5,False,4,2,-81,-6
320,80,0.5,False,4,3,-140,-12
320,80,0.5,False,4,4,-114,-5
320,80,0.5,False,4,5,-105,-7
320,80,0.5,False,4,6,-68,-3
320,80,0.5,False,4,7,-55,-7
320,80,0.5,False,4,8,-15,-1
320,80,0.5,False,4,9,-1,-1
320,80,0.5,False,4,10,-2,0
320,80,0.5,False,5,0,-23,-2
320,80,0.5,False,5,1,-80,-9
320,80,0.5,False,5,2,-111,-7
320,80,0.5,False,5,3,-120,-6
320,80,0.5,False,5,4,-80,-2
320,80,0.5,False,5,5,-55,-1
320,80,0.5,False,5,6,-22,0
320,80,0.5,False,5,7,-12,-2
320,80,0.5,False,5,8,-50,-6
320,80,0.5,False,5,9,-73,-5
320,80,0.5,False,5,10,-21,-2
320,80,0.5,False,5,11,0,0
320,80,0.5,False,6,0,0,-1
320,80,0.5,False,6,1,-2,-1
320,80,0.5,False,6,2,-45,-4
320,80,0.5,False,6,3,-119,-11
320,80,0.5,False,6,4,-171,-8
320,80,0.5,False,6,5,-133,-12
320,80,0.5,False,6,6,-79,-6
320,80,0.5,False,6,7,-31,-3
320,80,0.5,False,6,8,-1,0
320,80,0.5,False,6,9,-27,-1
320,80,0.5,False,6,10,-15,-1
320,80,0.5,False,6,11,0,0
320,80,0.5,False,7,0,-19,-5
320,80,0.5,False,7,1,-77,-11
320,80,0.5,False,7,2,-114,-6
320,80,0.5,False,7,3,-141,0
320,80,0.5,False,7,4,-85,-6
320,80,0.5,False,7,5,-63,-8
320,80,0.5,False,7,6,-41,-1
320,80,0.5,False,7,7,-35,-4
320,80,0.5,False,7,8,-53,-2
320,80,0.5,False,7,9,-61,-1
320,80,0.5,False,7,10,-5,1
320,80,0.5,False,8,0,-17,-7
320,80,0.5,False,8,1,-100,-12
320,80,0.5,False,8,2,-158,-7
320,80,0.5,False,8,3,-206,-12
320,80,0.5,False,8,4,-149,-7
320,80,0.5,False,8,5,-52,-2
320,80,0.5,False,8,6,4,0
320,80,0.5,False,8,7,35,2
320,80,0.5,False,8,8,58,5
320,80,0.5,False,8,9,11,0
320,80,0.5,False,8,10,0,0
320,80,0.5,False,8,11,-2,-2
320,80,0.5,False,8,12,-1,-1
320,80,0.5,False,9,0,-43,-3
320,80,0.5,False,9,1,-129,-9
320,80,0.5,False,9,2,-162,-9
320,80,0.5,False,9,3,-151,-12
320,80,0.5,False,9,4,-80,-5
320,80,0.5,False,9,5,-63,-2
320,80,0.5,False,9,6,-42,0
320,80,0.5,False,9,7,-26,0
640,40,0.5,True,0,0,33,-1
640,40,0.5,True,0,1,116,-5
640,40,0.5,True,0,2,194,-9
640,40,0.5,True,0,3,265,-14
640,40,0.5,True,0,4,215,-17
640,40,0.5,True,0,5,182,-10
640,40,0.5,True,0,6,140,0
640,40,0.5,True,0,7,74,4
640,40,0.5,True,0,8,31,6
640,40,0.5,True,0,9,2,0
640,40,0.5,True,0,10,0,0
640,40,0.5,True,0,11,0,0
640,40,0.5,True,0,12,0,0
640,40,0.5,True,1,0,27,-4
640,40,0.5,True,1,1,101,-9
640,40,0.5,True,1,2,180,-9
640,40,0.5,True,1,3,228,-11
640,40,0.5,True,1,4,271,-6
640,40,0.5,True,1,5,191,0
640,40,0.5,True,1,6,132,7
640,40,0.5,True,1,7,75,9
640,40,0.5,True,1,8,35,5
640,40,0.5,True,1,9,8,0
640,40,0.5,True,1,10,19,2
640,40,0.5,True,1,11,12,1
640,40,0.5,True,2,0,13,-1
640,40,0.5,True,2,1,97,-5
640,40,0.5,True,2,2,206,-7
640,40,0.5,True,2,3,243,-7
640,40,0.5,True,2,4,250,-3
640,40,0.5,True,2,5,143,6
640,40,0.5,True,2,6,80,7
640,40,0.5,True,2,7,47,5
640,40,0.5,True,2,8,54,4
640,40,0.5,True,2,9,54,3
640,40,0.5,True,2,10,16,2
640,40,0.5,True,2,11,25,4
640,40,0.5,True,2,12,33,1
640,40,0.5,True,2,13,22,1
640,40,0.5,True,2,14,4,1
640,40,0.5,True,3,0,1,0
640,40,0.5,True,3,1,0,0
640,40,0.5,True,3,2,6,-2
640,40,0.5,True,3,3,47,-5
640,40,0.5,True,3,4,158,-4
640,40,0.5,True,3,5,222,-4
640,40,0.5,True,3,6,261,-6
640,40,0.5,True,3,7,267,-10
640,40,0.5,True,3,8,168,-4
640,40,0.5,True,3,9,105,2
640,40,0.5,True,3,10,40,7
640,40,0.5,True,3,11,2,1
640,40,0.5,True,3,12,0,0
640,40,0.5,True,3,13,5,1
640,40,0.5,True,3,14,0,0
640,40,0.5,True,4,0,31,-4
640,40,0.5,True,4,1,109,-11
640,40,0.5,True,4,2,186,-20
640,40,0.5,True,4,3,219,-26
640,40,0.5,True,4,4,253,-27
640,40,0.5,True,4,5,175,-13
640,40,0.5,True,4,6,115,-1
640,40,0.5,True,4,7,74,5
640,40,0.5,True,4,8,32,3
640,40,0.5,True,4,9,34,4
640,40,0.5,True,4,10,20,1
640,40,0.5,True,4,11,19,2
640,40,0.5,True,4,12,3,1
640,40,0.5,True,5,0,31,-6
640,40,0.5,True,5,1,107,-9
640,40,0.5,True,5,2,193,-14
640,40,0.5,True,5,3,288,-24
640,40,0.5,True,5,4,252,-15
640,40,0.5,True,5,5,211,-6
640,40,0.5,True,5,6,149,0
640,40,0.5,True,5,7,86,10
640,40,0.5,True,5,8,27,4
640,40,0.5,True,5,9,-2,0
640,40,0.5,True,5,10,-1,0
640,40,0.5,True,5,11,-23,0
640,40,0.5,True,5,12,-41,1
640,40,0.5,True,5,13,-23,1
640,40,0.5,True,5,14,-1,1
640,40,0.5,True,6,0,43,-7
640,40,0.5,True,6,1,140,-10
640,40,0.5,True,6,2,215,-9
640,40,0.5,True,6,3,292,-14
640,40,0.5,True,6,4,238,-16
640,40,0.5,True,6,5,182,-8
640,40,0.5,True,6,6,102,3
640,40,0.5,True,6,7,33,6
640,40,0.5,True,6,8,1,0
640,40,0.5,True,6,9,4,1
640,40,0.5,True,6,10,9,1
640,40,0.5,True,6,11,0,0
640,40,0.5,True,7,0,38,-3
640,40,0.5,True,7,1,125,-5
640,40,0.5,True,7,2,198,-1
640,40,0.5,True,7,3,262,-9
640,40,0.5,True,7,4,197,-11
640,40,0.5,True,7,5,140,-7
640,40,0.5,True,7,6,77,0
640,40,0.5,True,7,7,38,5
640,40,0.5,True,7,8,37,2
640,40,0.5,True,7,9,36,2
640,40,0.5,True,7,10,55,2
640,40,0.5,True,7,11,46,-1
640,40,0.5,True,7,12,17,2
640,40,0.5,True,7,13,0,0
640,40,0.5,True,8,0,0,-2
640,40,0.5,True,8,1,13,-3
640,40,0.5,True,8,2,88,-7
640,40,0.5,True,8,3,157,-4
640,40,0.5,True,8,4,207,1
640,40,0.5,True,8,5,227,2
640,40,0.5,True,8,6,244,1
640,40,0.5,True,8,7,152,1
640,40,0.5,True,8,8,86,6
640,40,0.5,True,8,9,12,2
640,40,0.5,True,8,10,0,0
640,40,0.5,True,8,11,0,0
640,40,0.5,True,8,12,2,1
640,40,0.5,True,8,13,5,1
640,40,0.5,True,8,14,35,1
640,40,0.5,True,8,15,34,0
640,40,0.5,True,8,16,14,0
640,40,0.5,True,8,17,2,1
640,40,0.5,True,9,0,1,0
640,40,0.5,True,9,1,0,0
640,40,0.5,True,9,2,5,-1
640,40,0.5,True,9,3,44,-5
640,40,0.5,True,9,4,116,-6
640,40,0.5,True,9,5,195,-9
640,40,0.5,True,9,6,253,-12
640,40,0.5,True,9,7,296,-7
640,40,0.5,True,9,8,204,8
640,40,0.5,True,9,9,125,16
640,40,0.5,True,9,10,51,10
640,40,0.5,True,9,11,20,1
640,40,0.5,True,9,12,0,0
640,40,0.5,True,9,13,-2,0
640,40,0.5,True,9,14,-14,0
640,40,0.5,True,9,15,-30,3
640,40,0.5,True,9,16,-19,2
640,40,0.5,True,9,17,-1,0
640,40,0.5,True,9,18,0,0
